context,label
"Alvarado, Simpson and Moody and Sons",1
Donald Berg,0
Samantha Thompson,0
Jennifer Jefferson,0
Oscar Hill,0
Brittney Ward,0
Hines LLC Group,1
Jason Patterson,0
Susan Evans,0
Internal Revenue If required STATEMENT,2
"Horn, Freeman and Fuentes Inc",1
Allen Group LLC,1
withheld c ZIP code Social,2
box    ,2
tax withheld Social security tips,2
"Lane, Mcguire and York LLC",1
Employer identification number compensation Federal,2
Garrett Williams,0
"Pierce, Lewis and Frost Ltd",1
Hart and Sons LLC,1
Barnes Ltd Group,1
Alexander-Bray LLC,1
security tax withheld Medicare wages,2
Brendan Vaughn,0
"Hancock, Huff and Franco Group",1
tips Control number Advance EIC,2
Phelps Inc Inc,1
penalty sanction may imposed STATEMENT,2
Anderson LLC Ltd,1
Aaron Swanson,0
payment  Dependent care benefits,2
Duncan-Diaz LLC,1
Young Ltd LLC,1
Foster PLC PLC,1
Thomas-Howe LLC,1
Moreno LLC Group,1
Mary Wright,0
Kathleen Guerrero,0
Phillip Carroll,0
Murphy-Zimmerman Group,1
Matthew Morris,0
Patrick Lee,0
  Other enclosed Notice,2
Dr. Victoria,0
"Johnson, Burton and Burton Group",1
"White, Thompson and Blackburn Group",1
Melanie Hardin,0
Julie Torres,0
Benjamin Myers,0
Perry Inc PLC,1
tips etc  Local income,2
plans a See instructions forbox,2
Phillip Garcia,0
Harper and Sons and Sons,1
Gerald Green,0
withheld c ZIP code Social,2
 Local income tax ,2
"Gordon, Meyers and Donaldson PLC",1
Franklin Group Group,1
 Local income tax ,2
Nathan Barnett,0
Michael Alexander,0
Tucker-Jones LLC,1
initial Last name  Nonqualified,2
wages Social security tax withheld,2
Lisa Brown,0
Hernandez Inc PLC,1
Department ofthe Revenue Service Form,2
 d E  f,2
Day and Sons Group,1
instructions forbox  Greer ,2
name initial Last name ,2
Aguirre Ltd and Sons,1
Jessica Woodard,0
  Statutory Retirement b,2
Joshua Cohen,0
care benefits   e,2
Michelle Gilbert,0
Brandon Charles,0
care benefits  e firstname,2
Bush Inc Inc,1
Tiffany Ramos,0
penalty sanction may imposed STATEMENT,2
G   Statutor Retirement,2
William Stein,0
Timothy Smith,0
Be Filed FEDERAL Tax Return,2
Rhodes Group Ltd,1
Service Form Statement Copy Be,2
Tony Houston,0
Jimenez PLC Ltd,1
Haley Inc LLC,1
State state ID number ,2
Christopher Moore,0
Teresa Taylor,0
withheld Social security tips Allocated,2
"Robinson, May and Rivera Group",1
Adams Group Ltd,1
Pitts PLC Group,1
Hernandez LLC PLC,1
"Duarte, Clark and Browning Group",1
Nielsen LLC and Sons,1
Miller-Thomas Inc,1
George Martin,0
Arthur Gonzalez,0
Steven Davis,0
Coleman and Sons and Sons,1
Romero-Woods LLC,1
Cameron Barnes,0
Ortiz-Perez Ltd,1
Matthew Fisher,0
Internal Revenue If required file,2
Miller PLC Group,1
code Social security wages Social,2
Laura Turner,0
instructions forbox   E,2
Edward Martin,0
code Social security wages Social,2
See instructions box  ,2
Thomas Frost,0
state ID number  State,2
ID number  State ,2
Ashley Bryant,0
D  f address ZIP,2
first name initial Last name,2
"Coleman, Odom and Evans Ltd",1
taxable fail report b Employer,2
Keith Ltd Ltd,1
"Morales, Williamson and Osborne and Sons",1
Derek Goodwin,0
Griffith-Thomas Group,1
"Pace, Jordan and Peters Ltd",1
Tyler Nichols,0
"Rhodes, Anderson and Bailey Group",1
 e firstname initial Last,2
"Hernandez, Ruiz and Williams and Sons",1
"White, Gregory and Barrett Group",1
David Ltd and Sons,1
"Rivera, Mitchell and Harrison Ltd",1
Maria Davis,0
number This information furnished Internal,2
Raymond Glenn,0
Anderson Inc Inc,1
Williamson-Santos PLC,1
"Huang, Richardson and Dawson LLC",1
security wages Social security tax,2
Mayo-Richmond Group,1
Local wages tips etc ,2
  Other enclosed Notice,2
 State  State income,2
Jennifer Joyce,0
Steven Woodard,0
  Other enclosed Notice,2
name  Nonqualified plans a,2
Juan Price,0
Cochran-Stephenson Inc,1
"Davis, Keller and Perkins and Sons",1
se file Copy C For,2
Earl Wolf,0
Greg Contreras,0
Burns-Morrison Ltd,1
Annette Harrell,0
tips etc  Local income,2
Wilson-Wilson LLC,1
Andrew Moody,0
ZIP code Social security wages,2
William Fernandez,0
Mary Knox,0
Jessica Murphy,0
"Jacobson, Chambers and Young Ltd",1
Drew Jones,0
Carolyn Collins,0
Social security tips  Allocated,2
Be Filed FEDERAL Tax Return,2
Joann Lopez,0
Brandy Jones,0
  Statutory Retirement b,2
file b Employer identification number,2
"Campbell, Singh and Diaz and Sons",1
Dylan Calderon,0
Swanson-Esparza and Sons,1
Thomas PLC Ltd,1
Michelle Anderson,0
"Murphy, Oliver and York Inc",1
withheld Medicare wages tips Medicare,2
Kevin Weiss,0
Lang Ltd Group,1
Johnson LLC and Sons,1
Angela Ellison,0
Susan Meza,0
Cohen LLC Group,1
Smith-Silva Inc,1
Elizabeth Smith,0
Dana Miller,0
Joshua Mcpherson,0
Employer identification number compensation Federal,2
Douglas Obrien,0
report b Employer identification number,2
wages tips  State income,2
"Mcdaniel, Cox and Thompson Ltd",1
"Chavez, Smith and Campbell LLC",1
Carter-Bonilla Group,1
furnished Internal Revenue Cut Keep,2
Taylor and Sons PLC,1
Victoria Morales,0
Candace Garcia,0
code  State state ID,2
Revenue Service Form Statement Copy,2
Angela Sawyer,0
"Parsons, Cox and Baird LLC",1
enclosed Notice c d D,2
Michael Herring,0
payment  Dependent care benefit,2
Dennis Atkinson,0
Social security tips Allocated tips,2
"Aguilar, Richards and Nichols PLC",1
"Novak, Chambers and Allison Inc",1
Elizabeth Russo,0
Mitchell-Fernandez Ltd,1
Jessica Padilla,0
James Fritz,0
Jordan Johnson,0
c G  d f,2
state ID number  State,2
"Tran, Huff and Gilbert Inc",1
identification number compensation Federal income,2
"Shah, Nelson and Perez Group",1
Sharon Solis,0
Michael Alexander,0
c  d P ,2
Fischer-Fisher LLC,1
Frye-Taylor PLC,1
income tax withheld c ZIP,2
wages tips etc  State,2
Social security tips  Allocated,2
payment  benefits  ,2
Internal Revenue Cut Keep lower,2
"Bruce, Morris and Riddle PLC",1
tips Allocated tips Control numbe,2
"Perry, Pacheco and Levine Ltd",1
Amy Allison,0
  H  ,2
Ryan Nelson,0
 Local wages tips ,2
Tax  Department Revenue Service,2
Visit IRS Website STATEMENT OMB,2
Donald Coleman,0
Nonqualified plans a See instructions,2
Bennett LLC and Sons,1
"Johnson, Rodriguez and Chan LLC",1
Belinda Mccarty,0
Vega PLC LLC,1
 H  f address,2
withheld Medicare wages tips Medicare,2
Matthew Carroll,0
Glass Inc Group,1
Chambers-Chapman LLC,1
pay X x D ,2
Martin Ltd Inc,1
Nathan Robinson,0
Eric Cannon,0
Samuel Larsen,0
Michael Shaw,0
Stacy Smith,0
Dixon-Cruz LLC,1
Local  Local income tax,2
Kennedy-Reed LLC,1
Jennifer Jordan,0
 Localityname Wage Tax ,2
"Davis, Velazquez and Walker and Sons",1
 Statutor Retirement b employe,2
Social security tax withheld Medicare,2
sickpay D   Other,2
f address ZIP code ,2
Heidi Schmitt,0
Hopkins Group Ltd,1
tax  Locality name Wage,2
benefits   e first,2
Morgan PLC LLC,1
  Statutor Retirement b,2
 State state ID number,2
"Cooper, Spence and Curry Ltd",1
"Robinson, Clark and Mason PLC",1
Trevor Duncan,0
Miranda Thornton,0
Daniel Robinson,0
"Schultz, Warren and Tanner Ltd",1
Christopher Butler,0
sickpay   Other enclosed,2
Sergio Kelley,0
"Tyler, Taylor and Walker and Sons",1
Frey-Wong Inc,1
Tracy Jones,0
Wright Ltd Inc,1
fail report b Employer identification,2
Chloe Green,0
Young PLC Ltd,1
file Copy C For Use,2
Smith LLC Group,1
"Wilson, Bradley and Liu PLC",1
Locality name Wage Tax ,2
Christian Paul,0
Lisa Johnson,0
"Cook, Torres and Graham Group",1
Katherine Mcmahon,0
Stephanie Reeves,0
tax withheld Social security tips,2
Brock-Jenkins Group,1
"Gaines, Alexander and Mcgrath PLC",1
Valerie Evans,0
Matthew Morgan,0
tips Allocated tips Control number,2
Local income tax  Locality,2
tax  Locality name Wage,2
"Bailey, Crawford and Taylor Ltd",1
Cruz Inc Ltd,1
paymen  Dependent care benefits,2
  Statutor Retirement b,2
"Hall, Travis and May Ltd",1
Andrew Boyle,0
Richard Ross,0
Steven Phillips,0
Nelson Ltd LLC,1
"Brennan, Gomez and George and Sons",1
Jeffery Hamilton,0
 Nonqualified plans a See,2
Quinn-Allen Ltd,1
Robert Williams,0
wages Social security tax withheld,2
 f address ZIP code,2
Peters-Grant PLC,1
withheld Social security tips Allocated,2
sanction may imposed STATEMENT OMB,2
Shaw PLC Ltd,1
Kim Robinson,0
Benjamin Warren,0
Todd Davis,0
Phyllis Castro,0
Hart LLC Inc,1
Earl Hale,0
Williams LLC PLC,1
"Curtis, Sutton and Lewis PLC",1
 State  State income,2
James-Keith PLC,1
"Green, Thompson and Williams and Sons",1
Loretta Jackson,0
Martinez Ltd Group,1
Valencia Inc Ltd,1
"Patterson, Williams and Collins Group",1
Michele Hebert,0
tips  Local income tax,2
 Department Revenue Service Form,2
William Rodriguez,0
Bailey-Mueller Inc,1
Jennifer Rowland,0
employe lan sickpay X ,2
Underwood and Sons LLC,1
Hall Ltd Group,1
Gregory Hernandez,0
security tips Allocated tips Control,2
Cynthia Sexton,0
Locality name Wage Tax ,2
Hobbs Inc Ltd,1
ZIP code   State,2
Bruce-Irwin LLC,1
file b Employer identification number,2
Cut Keep lower portion REISSUED,2
Advance EIC payment Dependent care,2
Wiley-Carroll LLC,1
David Stewart,0
Medicare wages tips Medicare tax,2
Cruz-Mcdonald Inc,1
Veronica Freeman,0
Garcia-Parker and Sons,1
Barry Dickson,0
Martin Castro,0
Watkins LLC Inc,1
security wages Social security tax,2
enclosed Notice c d ,2
Charles Collins,0
"Diaz, Vang and Jones Ltd",1
"Cole, Smith and Warner and Sons",1
Terri Ho,0
 Dependent care benefits ,2
Brittney Rhodes,0
Nicholas Garcia,0
Erin Lee,0
Christopher White,0
Kimberly Miller,0
James Wyatt,0
"Scott, Gibson and Dougherty PLC",1
  Statutory Retirement b,2
care benefits   e,2
EL  Wage Tax ,2
social security wages Social security,2
Soto-Jackson PLC,1
This information furnished Internal Revenue,2
wages tips  State income,2
Ronnie Mason,0
Jesse Scott,0
income tax withheld c ZIP,2
Steven Meyer,0
Andrew Murphy,0
Retirement b employee plan sick,2
Return This information furnished Internal,2
Christina Silva,0
State state ID number ,2
 State state ID number,2
Robertson-Brown Group,1
Last name  Nonqualified plans,2
Daryl Maddox,0
EIC payment  Dependent care,2
Miller-Wilson and Sons,1
tax  Locality name ,2
number Visit IRS Website STATEMENT,2
Copy Be Filed FEDERAL Tax,2
ID number  State ,2
Porter and Sons LLC,1
Harrington-Cook Ltd,1
John Henry,0
Gabrielle Love,0
Richardson LLC Ltd,1
Derrick Graham,0
wages tips Medicare tax withheld,2
Elizabeth Salas,0
Charles Collins,0
initial Last name  Vonqualified,2
Dalton PLC LLC,1
Williams Group LLC,1
Jones-Gibson Inc,1
security tax withheld Medicare wages,2
"Dean, Harris and Jensen Inc",1
"Evans, Thomas and Hansen LLC",1
Benjamin Wright,0
  Statutor Retirement b,2
Raymond Ray,0
enclosed Notice c d ,2
Sarah Mendoza,0
John Parker,0
"Humphrey, Kramer and Haney Inc",1
code Social security wages Social,2
Susan Fitzpatrick,0
Steven Vazquez,0
Local income tax  Locality,2
Mosley-Vasquez Ltd,1
Robinson PLC PLC,1
Virginia Wyatt,0
Tax  Department ofthe Revenue,2
Ronald Adams,0
 State wages tips ,2
Local wages tips etc ,2
Local  Local income tax,2
Joseph Phillips,0
Nicole Gonzalez,0
Hill-Adams LLC,1
income tax withheld c ZIP,2
"Webb, Stevens and Martinez Ltd",1
Nathaniel Kelly,0
Armstrong PLC Ltd,1
Revenue Service Form Statement Copy,2
Sharp and Sons Group,1
James Noble,0
Use nsew file b Employer,2
number Visit IRS Website STATEMENT,2
Earl Taylor,0
"Pearson, Adams and Beck PLC",1
Lawrence Simpson,0
Bernard Jordan,0
"Rice, Davis and Haney PLC",1
James Murray,0
Shah-Klein and Sons,1
"Jimenez, Andrade and Spence Group",1
first name initial Last name,2
Jerome Wilkins,0
security number Visit IRS Website,2
Local income tax  Locality,2
Melissa Rice,0
"Jones, Perez and Moore Inc",1
Craig Rios,0
Control number Advance EIC payment,2
security wages Social security tax,2
Courtney Duran,0
a See instructionsfor box ,2
Samantha Barnes,0
Eric Reynolds,0
Dunlap-Lee Ltd,1
"Hendricks, Thomas and Hawkins LLC",1
Gerald Johnson,0
Lee-Cantu Inc,1
Chad Rubio,0
Brian Wood,0
Brady-Nelson Ltd,1
Evans-Schwartz Group,1
Black PLC LLC,1
Rogers Group and Sons,1
Alexander Haley,0
David Kelly,0
penalty sanction may imposed STATEMENT,2
Russell Smith,0
Stephanie Robinson,0
negligence penalty sanction may imposed,2
Nicholas Walters,0
numbe Advance EIC payment ,2
Dennis Patterson,0
John Scott,0
Michael Reed,0
Robert Moore,0
Danny Vang,0
"Clayton, Johnson and Orr Inc",1
Richard Johnson,0
care benefit  e firstname,2
Amanda Woods,0
Daniel Prince,0
Ballard LLC PLC,1
Baker-White and Sons,1
Jessica Manning,0
John Watkins,0
Leonard-Flores Inc,1
wages tips etc  State,2
state ID number  State,2
social security number Visit IRS,2
Fernandez-Mason PLC,1
Internal Revenue Cut Keep lower,2
Retirement b employee plan sickpay,2
Employer identification number compensation Federal,2
Rebecca Perez,0
"Nguyen, Curtis and Mccall Group",1
Lindsey Diaz,0
Shelly Cole,0
X P  Other enclosed,2
Joan Barton,0
Mitchell-Price Ltd,1
George Robles,0
"Williams, Mendoza and Collins Ltd",1
Form Statement Copy Be Filed,2
Patricia Schultz,0
Smith-Anderson and Sons,1
Alexandria Davis,0
Willie Mcdonald,0
income tax withheld ZIP code,2
Vargas-Hansen LLC,1
Richard Hart,0
ZIP code Social security wages,2
Harris LLC PLC,1
 f address ZIP code,2
Jennifer Jones,0
Leslie Cortez,0
Susan Castro,0
identification number compensation Federal income,2
compensation Federal income tax withheld,2
Robinson Group LLC,1
Russell Bird,0
Miller Group Ltd,1
Mcdaniel PLC PLC,1
Local income tax  Localityname,2
Cynthia Frazier,0
tax withheld Medicare wages tips,2
ZIP code  State state,2
Bethany Barnes,0
Smith-Duarte Group,1
security tax withheld Medicare wages,2
Locality name  Wage Tax,2
  G  ,2
Thompson Inc Inc,1
Federal income tax withheld c,2
Mark Johnston,0
Archer-Collins PLC,1
Barbara Wang,0
Yoder-Young LLC,1
REISSUED social security number This,2
State wages tips  State,2
 D   Statutory,2
Ashley Hendricks,0
Rivers-Collins Inc,1
Jeanette Wallace,0
Advance EIC payment  Dependent,2
"Edwards, Gonzalez and Good Inc",1
    Statutor,2
Amanda White,0
Bailey LLC Group,1
Herrera Inc and Sons,1
Danielle House,0
Brittany Burton,0
Zhang-Sanchez LLC,1
Wright-Joseph LLC,1
Johnson Group and Sons,1
Mike Thomas,0
Waller LLC LLC,1
Jessica Collins,0
Katherine Macias,0
Michelle Moore,0
Jonathan Clark,0
Melissa Powell,0
Joseph Spencer,0
Tax Return This information furnished,2
Jay Carter,0
Lisa Ellis,0
Hall Group and Sons,1
"Pearson, Yu and Ramirez Ltd",1
address ZIP code  State,2
State  State income tax,2
Kyle Ortiz,0
initial Last name  Nonqualified,2
 Allocated tips Control number,2
"Jensen, Fernandez and Fleming Ltd",1
c ZIP code Social security,2
b emplove plan sickpay ,2
Calderon-Gomez Ltd,1
Hodges-Lopez and Sons,1
Ian Fowler,0
Dependent care benefits  ,2
X X   Other,2
negligence penalty sanction may imposed,2
Retirement b employee plan sick,2
Katherine Singh,0
Tax Return This information furnished,2
Maria Krause,0
Dr. Martin,0
Eric Smith,0
number Rise v file Visit,2
Thomas Hernandez,0
Derrick Jimenez,0
Brandy Stanley,0
Herrera-Miller Ltd,1
Ryan Wong,0
forbox    ,2
Be Filed FEDERAL Tax Return,2
Henry Inc PLC,1
"Proctor, Prince and Holden PLC",1
G   Statutory Retirement,2
Joseph Spence,0
OMB income taxable fail report,2
plan sickpay X  ,2
Angela Hebert,0
security tips  Allocated tips,2
Morgan Sims,0
Ronald Miller,0
Hernandez-Ferrell Ltd,1
benefits   e first,2
sickpay X   Other,2
Nonqualified plans a See instructions,2
security wages Social security tax,2
Heather Lee,0
number Advance EIC payment Dependent,2
a See instructions forbox ,2
Gregory Lee,0
Smith Group and Sons,1
income tax  Locality name,2
social security number This information,2
required file tax negligence penalty,2
Campbell Ltd and Sons,1
Patricia Russell,0
"Ray, Taylor and Clark PLC",1
Weeks Ltd PLC,1
State state ID number ,2
Gerald Jones,0
"Villegas, Hill and Stephens LLC",1
Fuller-Campbell PLC,1
STATEMENT OMB Use nsew file,2
Local wages tips  Local,2
Fowler and Sons LLC,1
Paul Robinson,0
Form Statement se file Copy,2
Allen LLC Inc,1
Samantha Gray,0
Rebecca Galloway,0
Other enclosed Notice c P,2
Cross LLC PLC,1
"Henry, Cunningham and Simpson Inc",1
Cardenas-Mora PLC,1
 f address ZIP code,2
Allen-Baldwin Group,1
"Vance, Richmond and Cole and Sons",1
Megan Frazier,0
Nonqualified plans a See instructions,2
employe lan sickPay X X,2
Matthew Wagner,0
Wage Tax  Department Revenue,2
Copy Be Filed FEDERAL Tax,2
Jennifer Savage,0
"Garcia, Campbell and Wheeler Ltd",1
income tax withheld c ZIP,2
Susan Wilson,0
Mitchell Cannon,0
Choi LLC and Sons,1
Jimmy Griffin,0
plans a See instructions forbox,2
 Locality name MC Wage,2
Daniel Wright,0
Briana Fischer,0
"Liu, Price and Brown PLC",1
Hall-Thomas Group,1
"Cook, Obrien and Hernandez Group",1
Felicia Summers,0
Smith-Jones Ltd,1
"Brown, Boyd and Bernard Ltd",1
Kristi Johnson,0
Gabriela Mendoza,0
Bruce Young,0
Paul Lindsey,0
Ronald Jones,0
Local  Local income tax,2
e firstname initial Last name,2
See instructions box  ,2
Local wages tips etc ,2
David Matthews,0
Kristen Rojas,0
Taylor Hernandez,0
name  Nonqualified plans a,2
Trevor Bowman,0
tax withheld Social security tips,2
Gray LLC Ltd,1
identification number compensation Federal income,2
Lozano Ltd LLC,1
Byrd-Bruce PLC,1
Robert Robertson,0
Rebecca Miller,0
Be Filed FEDERAL Tax Return,2
Susan Montgomery,0
Stevenson LLC Ltd,1
Gregory Johnson,0
"Reese, Stewart and Moore Group",1
Morales-Richardson Inc,1
If required file tax negligence,2
Daniel Thompson,0
portion REISSUED social security number,2
Jordan Ltd PLC,1
Smith Group LLC,1
Stephanie Mcguire,0
Dawn Robinson,0
William Leach,0
Sarah Marsh,0
Cut Keep lower portion REISSUED,2
security tips  Allocated tips,2
Gonzalez-Martinez Ltd,1
"Harmon, Wang and Rodriguez and Sons",1
Norris-Watson and Sons,1
Taylor Cox,0
Medicare wages tips  Medicare,2
Holt-Farmer LLC,1
Steele and Sons LLC,1
Carrie Gonzalez,0
Diane Garcia,0
ZIP code H  ,2
initial Last name  Nonqualified,2
Reyes-Hill LLC,1
Marshall PLC PLC,1
Eric Benson,0
Matthew Boyer,0
Lisa Webb,0
Katie Dunn,0
"Anderson, Sutton and Moses Inc",1
Johnson-Terry Ltd,1
Smith-Johnson Group,1
This information furnished Internal Revenue,2
"Barnett, Cannon and Wright PLC",1
This information furnished Internal Revenue,2
Gregory Horn,0
plan sickpay x H ,2
Local income tax  Locality,2
Caleb Bell,0
taxable fail report b Employer,2
Duffy and Sons Group,1
Alexis Browning,0
Tracie Porter,0
Troy Wong,0
number compensation Federal income tax,2
OMB income taxable fail report,2
Bates-Thomas Ltd,1
"Silva, Martin and Brooks PLC",1
Justin Thompson,0
wages tips Medicare tax withheld,2
Price Inc PLC,1
Copy Be Filed FEDERAL Tax,2
"Moore, Brooks and Taylor PLC",1
"Gonzalez, Brown and Willis Inc",1
Walker and Sons Ltd,1
"Little, Rodriguez and White Group",1
Mosley-Barber Inc,1
Revenue If required file tax,2
Mathews-Graham Inc,1
Retirement b employee plan sickpay,2
Medina-Powell and Sons,1
Jessica Williams,0
tax  Local wages tips,2
Jennifer Woods,0
Steven Garcia,0
Austin Murphy,0
tips Medicare tax withheld Social,2
Maria Austin,0
Jeffrey Escobar,0
"Beck, Perez and Rose Group",1
Marie Ramos,0
file b Employer identification number,2
Taylor Jimenez,0
 Nonqualified plans a See,2
Michael Cooper,0
security wages Social security tax,2
Notice c d  f,2
Turner-Mcgee LLC,1
Ramsey-Leonard Group,1
"Smith, Coleman and Roberts LLC",1
Daniel Smith,0
Advance EIC payment  benefit,2
Dependent care benefit  e,2
Young-Dawson Group,1
 f address ZIP code,2
Rose Tyler,0
Samuel Howard,0
Revenue Service Form Statement se,2
Freeman-Rodgers LLC,1
Lee-Mann LLC,1
"Ellison, Brown and Lopez LLC",1
Nonqualified plans a See instructionsfor,2
 Dependent care benefits ,2
Alexis Baker,0
Henry-Rogers Inc,1
Mary Lyons,0
X x E  ,2
Andrews Inc and Sons,1
West-King and Sons,1
X G   Other,2
"Vazquez, Lynn and Wolf PLC",1
Jones Inc and Sons,1
Wolf and Sons and Sons,1
Carl Powell,0
"Clark, Mccoy and Hill Inc",1
State income tax  Local,2
Thomas Taylor,0
othercompensation Federal income tax withheld,2
income tax  Local ,2
 Nonqualified plans a See,2
 State  State income,2
 e first name initial,2
Tax  Department Revenue Service,2
Michelle Brown,0
Ramirez Ltd Inc,1
 Department Revenue Service Form,2
Wage Tax  Department Revenue,2
"Hunt, Johnson and Cooper Inc",1
Shane Lopez,0
sanction may imposed STATEMENT OMB,2
Clark-Padilla LLC,1
Jordan and Sons Group,1
Blevins-Hoffman LLC,1
"Small, Roth and Morgan PLC",1
x G   Other,2
Return This information furnished Internal,2
Internal Revenue If required file,2
Other enclosed Notice c d,2
Lynn LLC Inc,1
"Rodriguez, Cox and Mullen LLC",1
income tax  Local wages,2
Paul Riddle,0
Baxter-Richardson PLC,1
Anderson-Smith Ltd,1
Padilla-Murphy and Sons,1
Wesley Conley,0
Waller Ltd and Sons,1
Terri Sanders,0
Gallegos Ltd Inc,1
Boyd and Sons Inc,1
Katie Clarke,0
employee plan sick pay x,2
b Employer identification number compensation,2
Miller and Sons Inc,1
Patrick Mendoza,0
 State wages tips ,2
Ross Inc Ltd,1
Katherine Parks,0
 State state ID number,2
Mendoza-Lopez Ltd,1
Matthews Ltd Inc,1
"Freeman, Patterson and Taylor LLC",1
 Local  Local income,2
Duarte PLC Inc,1
"Fuentes, Pierce and Smith and Sons",1
Jessica Smith,0
Travis Ortiz,0
Hill-Sharp and Sons,1
Thomas Casey,0
William Sanchez,0
EIC payment Dependent care benefits,2
Teresa Stone,0
Holt Group and Sons,1
social security number Visit IRS,2
 State state ID number,2
plans a See instructionsforbox ,2
Andrew Fitzgerald,0
Perez-Woods LLC,1
  G  Statutory,2
Greg Lucas,0
Jason Acevedo,0
Alyssa Williams,0
b employee plan sickpay X,2
Damon Valenzuela,0
Juarez Inc PLC,1
"Richardson, Wilson and Ward PLC",1
security number This information furnished,2
Dr. Nicholas,0
wages tips Medicare tax withheld,2
tax  Local  Local,2
e firstname initial Lastname ,2
Local  Local income tax,2
Stephanie Hernandez,0
Torres and Sons LLC,1
Ernest Edwards,0
Castro-Morgan Ltd,1
Gray-Walker Group,1
"Morales, Wang and Williams LLC",1
EIC payment Dependent care benefits,2
Ernest White,0
sick pay   Other,2
Joshua Duran,0
"Brown, Andersen and Taylor Group",1
 Local wages tips etc,2
Megan Matthews,0
Jason Dudley,0
Samantha Brooks,0
Patel PLC Inc,1
Frank-Sanders Group,1
Julie Henry,0
file tax negligence penalty sanction,2
Advance EIC payment  Dependent,2
"Parsons, Farmer and Sanchez Inc",1
Walker-Duarte Inc,1
Parker Ltd PLC,1
Hayes Group Ltd,1
Crawford Group PLC,1
f address ZIP code ,2
Hernandez-Clark PLC,1
Joseph Wood,0
Lori Harvey,0
STATEMENT OMB No income taxable,2
Oconnor-Mendoza LLC,1
Rebecca Golden,0
Justin Hernandez,0
identification number compensation Federal income,2
Lewis-Nicholson LLC,1
Sean Benjamin,0
Serrano LLC Inc,1
number compensation Federal income tax,2
Local income tax  Locality,2
Kristin Vasquez,0
Jennifer Morgan,0
Black LLC Ltd,1
Last name  Nonqualified plans,2
"Smith, Hunt and Diaz Group",1
Hess-Clark Group,1
Advance EIC payment Dependent care,2
"Carlson, Anderson and Carson and Sons",1
"Freeman, Gomez and Wright Ltd",1
"Payne, Shaffer and Mitchell Group",1
"Giles, Simmons and Johnson and Sons",1
Love Group LLC,1
Eugene Ramirez,0
Thomas and Sons Inc,1
Ramirez-Moon Group,1
Cochran and Sons Ltd,1
Advance EIC payment  Dependent,2
name  Wage Tax ,2
Cameron Sullivan,0
number Visit IRS Website STATEMENT,2
Elizabeth Shelton,0
 f address ZIP code,2
Jessica Robinson,0
Cut Keep lower portion REISSUED,2
Autumn Matthews,0
Harris-George Ltd,1
taxable fail report b Employer,2
address ZIP code  State,2
Ashley Conner,0
Be Filed FEDERAL Tax Return,2
"Gordon, Joyce and Harper Ltd",1
Sean Williamson,0
"Thomas, Leonard and Woodard Ltd",1
Hall-Schmitt Group,1
"Campos, Jones and Sharp PLC",1
"Thompson, Thomas and Powell PLC",1
security wages Social security tax,2
"Neal, Jones and Mejia Inc",1
Wilson-Atkins and Sons,1
Mary Donovan,0
may imposed STATEMENT OMB income,2
State state ID number ,2
H  d H ,2
information furnished Internal Revenue If,2
security wages Social security tax,2
Roberta Becker,0
 Local wages tips ,2
Floyd Group LLC,1
security number This information furnished,2
This information furnished Internal Revenue,2
may imposed STATEMENT OMB No,2
Johnson-Smith PLC,1
IRS Website STATEMENT OMB Use,2
"Brown, Luna and Franco PLC",1
Revenue Cut Keep lower portion,2
"Berg, Ali and King LLC",1
"Coleman, Taylor and Little Group",1
State income tax  Local,2
"Jennings, Pacheco and Bowman and Sons",1
Turner LLC PLC,1
Emily Acosta,0
Goodman Group Group,1
Emma Brown,0
State income tax  Local,2
D   Statutory Retirement,2
Bentley-Blair and Sons,1
Social security wages Social security,2
Nguyen-Johnson PLC,1
STATEMENT OMB No income taxable,2
 Other enclosed Notice c,2
Smith-Kennedy Inc,1
Chris Green,0
David Nixon,0
Locality name Wage Tax ,2
Russell Kelley,0
Turner Inc and Sons,1
Local  Local income tax,2
Lara-Perry Group,1
X   Other enclosed,2
penalty sanction may imposed STATEMENT,2
Tony Walker,0
"Williams, Mejia and Johnson PLC",1
Mendez-Walker and Sons,1
taxable fail report b Employer,2
forbox    ,2
Jasmine Cabrera,0
Jose Dodson,0
Matthew Johnston,0
State state ID number ,2
ZIP code  State state,2
tax withheld Social security tips,2
 Nonqualified plans a See,2
Richardson Group Group,1
Dr. Mary,0
Joel Pham,0
 Local  Local income,2
c D  d D,2
Nicole Khan,0
Kent Inc LLC,1
Eric Salazar,0
James Green,0
Mary Stevens,0
Sarah Phillips,0
enclosed Notice c D ,2
Erika Love,0
Jessica Gates,0
Statement Copy Be Filed FEDERAL,2
 d  f address,2
This information furnished Internal Revenue,2
ZIP code G  ,2
file b Employer identification number,2
Foster PLC LLC,1
Deborah Williams,0
Holly Lucero,0
state ID number  State,2
security number This information furnished,2
benefits   e firstname,2
Patterson PLC Ltd,1
Martinez-Short and Sons,1
Shane Kirby,0
wages tips  Medicare tax,2
Houston-Beck Group,1
Watkins PLC and Sons,1
Social security wages Social security,2
Revenue Service Form Statement se,2
lower portion REISSUED social security,2
Alyssa Dean,0
Martin and Sons LLC,1
Roger Brown,0
Velasquez LLC Ltd,1
Daisy Wolfe,0
Morgan Reyes,0
benefits   e firstname,2
identification number compensation Federal income,2
Ramos LLC Group,1
Michael Castaneda,0
Travis Lopez,0
firstname initial Last name ,2
Veronica Martinez,0
 Locality name Wage Tax,2
Paula Lee,0
Cristina Price,0
Dr. Jason,0
ID number  State ,2
Other enclosed Notice c d,2
Barrett-Richardson Ltd,1
wages tips etc  Local,2
Bailey-Tran Inc,1
 f address ZIP code,2
Beth Fernandez,0
c ZIP code Social security,2
Tiffany Reeves,0
Jose Barry,0
"Robinson, Brooks and Lopez Inc",1
Michael Chang,0
"Green, Gentry and Strickland Ltd",1
Wood-Owens Ltd,1
imposed STATEMENT OMB income taxable,2
"Harmon, Watson and Martinez PLC",1
Tyler Bowman,0
Brian Miller,0
Nicholas Meyer,0
Aaron Jennings,0
information furnished Internal Revenue If,2
Alvarez-Terrell Inc,1
Aguilar-Mcmillan PLC,1
withheld  Medicare wages tips,2
Brandon Dunn,0
Service Form Statement se file,2
security number Visit IRS Website,2
Other enclosed Notice c G,2
Christopher Long,0
Karen Calderon,0
Smith-Davis Ltd,1
income taxable fail report b,2
X   Other enclosed,2
Local  Local income tax,2
tax withheld Social security tips,2
Lauren Walker,0
Johnson LLC and Sons,1
Gray PLC and Sons,1
Hayes LLC and Sons,1
f address ZIP code ,2
Holly Smith,0
f address ZIP code E,2
John Smith,0
imposed STATEMENT OMB income taxable,2
Johnson-Ramirez PLC,1
Dougherty-Terry PLC,1
Mark Sims,0
Barker-Gregory and Sons,1
tax  Locality name Wage,2
X x   Other,2
Olson LLC and Sons,1
Green-Costa PLC,1
Barnett-Walls PLC,1
number compensation Federal income tax,2
Daniel Yang,0
Richard Davila,0
Dennis Taylor,0
Carla Guerra,0
Heather Love,0
withheld Social security tips Allocated,2
Shepard Inc PLC,1
security number Visit IRS Website,2
Michele Cook,0
Bianca Rasmussen,0
Herman-White Inc,1
name  Nonqualified plans a,2
wages tips Medicare tax withheld,2
"Walton, Miller and Coleman and Sons",1
Grace Andrews,0
Jasmine Gray,0
Elliott LLC PLC,1
Murphy-Mccarthy Ltd,1
Miller Group and Sons,1
Molina Ltd Group,1
State income tax  Local,2
Bethany Ho,0
Gary Bennett,0
 Local income tax ,2
penalty sanction may imposed STATEMENT,2
Curtis Young,0
Ramos PLC PLC,1
Vickie Gibson,0
Cole-Hickman PLC,1
Christopher Eaton,0
information furnished Internal Revenue Cut,2
"Freeman, Walters and Jones and Sons",1
Erika Meza,0
"Wallace, White and Donaldson PLC",1
tax  Locality name ,2
income tax withheld c ZIP,2
Dependent care benefit  ,2
IM Wage Tax  Department,2
Hardy LLC Inc,1
"Calhoun, Lopez and Hill Group",1
Bryan Bush,0
Kathryn Wu,0
"Grant, Duncan and Schmitt Ltd",1
Burke LLC Ltd,1
address ZIP code  State,2
Laura Lawson,0
Brenda Dixon,0
Jonathan Frey,0
instructions box   E,2
Tiffany Ramirez,0
tax withheld c ZIP code,2
Internal Revenue If required file,2
"Lane, Richardson and Nichols Group",1
Other enclosed Notice c d,2
etc  Local income tax,2
Rodgers-Jackson Group,1
Joel Swanson,0
Derek Li,0
Retirement b employee plan sick,2
Miranda PLC Group,1
security tips Allocated tips ,2
Steve Armstrong,0
Powell Group and Sons,1
Jeremy Sanchez,0
Valenzuela Group and Sons,1
"Martinez, Golden and Edwards and Sons",1
Steven Hernandez,0
Cox-Martinez Group,1
Amanda Martinez,0
Pena PLC Ltd,1
Michele Wood,0
"Johnson, Roy and Martin LLC",1
Anderson-Conner Group,1
address ZIP code  State,2
State state ID number ,2
EIC payment  Dependent care,2
security number This information furnished,2
  State state ID,2
social security number This information,2
Rowe Group LLC,1
Nicholas Flores,0
"Taylor, Murray and Ramos PLC",1
Advance EIC payment Dependent care,2
compensation Federal income tax withheld,2
Social security tax withheld Medicare,2
"Gutierrez, Morgan and Perkins Ltd",1
Williams-Taylor Ltd,1
Stephen Miller,0
"Gibson, Green and Yang and Sons",1
Melissa Evans,0
Scott-Eaton Inc,1
benefit   e firstname,2
Stacey Jones,0
"Ferrell, Stout and Shaw and Sons",1
Charles Avila,0
"Meyer, Robles and Gill PLC",1
William Hamilton,0
Medicare wages tips Medicare tax,2
 State state ID number,2
 d f address ZIP,2
enclosed Notice c d D,2
Robert Cervantes,0
"Smith, Mann and Rice Ltd",1
Ashley Salazar,0
Justin Hughes,0
Jackson Group Inc,1
 State income tax ,2
Hughes-Gonzalez Group,1
 Other enclosed Notice c,2
Charles Hall,0
Keep lower portion REISSUED social,2
Dependent care benefits  ,2
taxable fail report b Employer,2
payment Dependent care benefits ,2
Statement se file Copy C,2
Stephen Gonzalez,0
Mr. Aaron,0
Tax Return This information furnished,2
Preston Ltd Group,1
enclosed Notice c d ,2
IRS Website STATEMENT OMB Use,2
Crawford PLC Ltd,1
tips Control number Advance EIC,2
Robinson-Hanson LLC,1
Mary Dickerson,0
Jamie Snyder,0
etc  Local income tax,2
plans a See instructions forbox,2
"Choi, Moore and Marquez and Sons",1
Ryan French,0
 D   Statutor,2
Joseph Miller,0
Amanda Yu,0
Mccarthy-Crane Ltd,1
employee plan sickpay X ,2
"Garcia, Cook and Brown Ltd",1
OMB file tax negligence penalty,2
Carol Mccullough,0
plans a See instructionsfor box,2
ID number  State wages,2
Laurie Young,0
Amanda Hunter,0
Robert Gill,0
Simpson and Sons LLC,1
Pruitt and Sons LLC,1
Advance EIC payment  Dependent,2
c ZIP code Social security,2
Moran-Valenzuela LLC,1
"Webb, Booker and Rubio LLC",1
tips etc  Local income,2
Other enclosed Notice c P,2
income tax  Local ,2
 Locality name IM ,2
b Employer identification number compensation,2
tips etc  Local income,2
Miss Samantha,0
box   P ,2
ID number  State ,2
    Statutory,2
Stanley Adams,0
"Hudson, Goodman and Martinez and Sons",1
Miranda Anderson,0
security tax withheld Medicare wages,2
withheld c ZIP code Social,2
Julie Cummings,0
number compensation Federal income tax,2
security tax withheld Medicare wages,2
Massey and Sons Group,1
required file tax negligence penalty,2
Harris Inc LLC,1
Jonathan Jordan,0
withheld Social security tips ,2
Dawn Price,0
Oliver-Peterson Ltd,1
Crystal Carlson,0
lower portion REISSUED social security,2
"Leonard, Tran and Holmes Group",1
Katherine Johnson,0
"Moreno, Burns and Wilkinson PLC",1
Other enclosed Notice c ,2
Teresa Rice,0
Be Filed FEDERAL Tax Return,2
Local tips etc  Local,2
Jonathan Evans,0
Social security tax withheld Medicare,2
"Johnson, Carpenter and Swanson LLC",1
"Romero, Stein and Mckee Group",1
Jason Barnett,0
STATEMENT OMB Use b Employer,2
"Wade, Parks and Chambers PLC",1
plans a See instructionsforbox ,2
Tax  Department Revenue Service,2
Roberts Group Group,1
Bond Group Ltd,1
tax withheld c ZIP code,2
Smith-Lane Inc,1
"Armstrong, Duncan and Estrada Group",1
Fox Group Ltd,1
Veronica Jennings,0
e first name initial Last,2
Copy C For Use enclosed,2
ID number  State ,2
Social security wages Social security,2
Shane Hernandez,0
first name initial Last name,2
White-Rivera Group,1
Sharp Inc Group,1
 H   Statutor,2
Gina Watts,0
Caroline Roberts,0
Miller-Mckay Ltd,1
"Moses, Perez and Sparks LLC",1
Welch-Meadows LLC,1
Service Form Statement se file,2
Local income tax  Locality,2
Andrea Johnson,0
Davis LLC LLC,1
Sheila Holmes,0
Social security wages Social security,2
Scott Group Inc,1
Alexander Ellis,0
tax withhel c ZIP code,2
Visit IRS Website STATEMENT OMB,2
 d D  f,2
Soto-Wade and Sons,1
Kyle Munoz,0
Kayla James,0
Cory David,0
"Brown, Lowe and Peters Inc",1
first nameand initial Last name,2
Roy Mcguire,0
Michelle Kennedy,0
Harrell-Solis PLC,1
"Wood, Lee and Spencer Inc",1
Jones-Hamilton PLC,1
Adams-Griffith Inc,1
employee plan sickpay H ,2
d f address ZIP code,2
Brian Lopez,0
Return This information furnished Internal,2
"Horton, Roberts and Meyer and Sons",1
Singh-Smith Inc,1
Laura Goodwin,0
c add ZIP code Social,2
Sullivan and Sons Inc,1
Joseph Silva,0
James Henderson,0
 Department Revenue Service Form,2
Donna Rich,0
Hamilton-Thompson and Sons,1
Thomas Martinez,0
Delgado LLC and Sons,1
Nicole Kirk,0
Catherine Jensen,0
ZIP code Social security wages,2
Wage Tax  Department Revenue,2
Charlotte West,0
Wendy Blair,0
State income tax  Local,2
John Powell,0
portion REISSUED social security number,2
social security number Visit IRS,2
Vanessa Christensen,0
Morgan Nguyen,0
Cunningham-Jones Ltd,1
Alexandra Lindsey,0
Brett Robinson,0
Wayne Jensen,0
e first name initial Last,2
William Mathis,0
Joan Fischer,0
Amanda Hill,0
Tina Conner,0
Control number Advance EIC payment,2
Thompson Ltd Inc,1
d D  f address,2
Daniel Greene,0
Nicole Patterson,0
 Statutor Retirement b employe,2
withheld Medicare wages tips ,2
pay X H  ,2
Rodriguez-Hall LLC,1
"Thompson, Butler and Garcia Inc",1
Lisa Richard,0
Deborah Mueller,0
Ashley Barnes,0
state number  State wages,2
Margaret Choi,0
Jennifer Hill,0
"Jackson, Jackson and Downs Inc",1
Lucas Ltd PLC,1
Social security tax withheld Medicare,2
Nathan Gomez,0
Robert Thompson,0
Miller-Lucas LLC,1
"Diaz, Stout and Martin Inc",1
b employee plan sickpay X,2
Jarvis PLC Ltd,1
Shepherd Ltd LLC,1
Marc Walker,0
"Knox, Robles and Burton PLC",1
"Camacho, White and Goodwin and Sons",1
number  State wages tips,2
Richard Jensen,0
Allocated tips Control number Advance,2
Jones Ltd Inc,1
Internal Revenue If required file,2
 State income tax ,2
Brady Ltd Ltd,1
Crystal Martinez,0
Stephen Hill,0
Dr. Kaitlyn,0
Use nsew file b Employer,2
James Walker,0
   Statutor Retirement,2
State wages tips  State,2
Jeffery Wyatt,0
"Nichols, Sweeney and Carey and Sons",1
State wages tips etc ,2
Rebecca Lee,0
David Owen,0
Carlos Mitchell,0
c ZIP code Social security,2
Gonzalez Ltd Group,1
Beth Stephens,0
David Hill,0
Bianca Pennington,0
Castaneda-David and Sons,1
"Berry, Cummings and Estrada and Sons",1
"Buckley, Brown and Armstrong Group",1
furnished Internal Revenue If required,2
Douglas LLC Ltd,1
Russell-Watson PLC,1
"Cunningham, Cooper and Powell and Sons",1
"Leonard, Miller and Johnson Inc",1
Tammy Taylor,0
Herring LLC Group,1
Edward Skinner,0
Jenna Torres,0
Golden and Sons Inc,1
James Garcia,0
Perez Group LLC,1
Romero-Myers and Sons,1
identification number compensation Federal income,2
Valencia PLC Ltd,1
Travis Barnes,0
Hayes-Myers Ltd,1
plan sick pay x ,2
Timothy Miller,0
Michael Ramirez,0
income tax withheld c ZIP,2
EIC payment  Dependent carebenefits,2
Melanie Martinez,0
"Lynch, White and Lopez PLC",1
Walsh Ltd Inc,1
"Walker, Taylor and James Ltd",1
Employer identification number compensation Federal,2
D  f address ZIP,2
identification number compensation Federal income,2
David Rivera,0
Wilson-Powell LLC,1
number Rise v file Visit,2
Keep lower portion REISSUED social,2
Cynthia Briggs,0
Anna Price,0
Nicole Aguirre,0
Toni King,0
Christian Brown,0
David Robinson,0
Strickland LLC Ltd,1
etc  Local income tax,2
Ann Manning,0
Federal income tax withheld c,2
Young-Stevens Ltd,1
tax  Local  Local,2
tax withheld c ZIP code,2
Alexa Wade,0
State  State income tax,2
Daniel Cooke,0
Sean Barr,0
Timothy Finley,0
Lisa Myers,0
Maria Allen,0
Stephens-Sims Ltd,1
"Clark, Hopkins and Brown Group",1
required STATEMENT OMB file tax,2
address ZIP code  State,2
"Washington, Sandoval and Cline Inc",1
Ellis-Wilson LLC,1
Morrow Ltd Ltd,1
Megan Dixon,0
 Local income tax ,2
Kevin Reilly,0
OMB No income taxable fail,2
Website STATEMENT OMB Use Rsev,2
 Local wages tips etc,2
number  State  State,2
ZIP code Social security wages,2
Fuller-Mitchell Ltd,1
Lastname  Nonqualified plans a,2
Lauren Bautista,0
Harris-Williamson PLC,1
John Hernandez,0
Henry Jones,0
Michael Rasmussen,0
code  State state ID,2
tax  Local wages tips,2
Kimberly Gutierrez,0
Martin Arroyo,0
Mccoy-Stewart and Sons,1
instructions forbox   H,2
Roy Ltd and Sons,1
Service Form Statement Copy Be,2
State  State income tax,2
Melissa Crawford,0
Sharon Sanders,0
"Travis, Dickson and Duncan PLC",1
Bowen Group Ltd,1
Gomez Inc Ltd,1
security tax withheld Medicare wages,2
Perez-Romero PLC,1
Garner PLC and Sons,1
"Barnes, Johnson and Ball LLC",1
Rebecca Walker,0
Robin Hernandez,0
Newton Ltd Group,1
Antonio Sutton,0
Christopher Murphy,0
tips Medicare tax withheld D,2
Shaw-Smith LLC,1
"Peters, Gill and Ryan Ltd",1
fail report b Employer identification,2
Higgins-Robinson Group,1
Brittany Taylor,0
Dawson-Watkins Group,1
Other enclosed Notice d H,2
Filed FEDERAL Tax Return This,2
Cruz-Mendez PLC,1
Department Revenue Service Form Statement,2
e first name initial Last,2
John Hall,0
 Statutor Retirement  employe,2
Lewis-Diaz and Sons,1
Dominique Randolph,0
William Merritt,0
    Statutory,2
Crystal Abbott,0
Kimberly Bauer,0
Revenue Service Form Statement Copy,2
a See instructions forbox ,2
Katie White,0
state ID number  State,2
Copy Be Filed FEDERAL Tax,2
Louis Adams,0
withheld Medicare wages tips Medicare,2
"Hicks, Smith and Phillips Ltd",1
Jeremy Sellers,0
Medicare wages tips Medicare tax,2
"Chavez, Moore and Myers Group",1
Silva-Sullivan Ltd,1
Alexander Cunningham,0
Robert Price,0
Sellers-Cook Group,1
Ashley Jackson,0
 f address ZIP code,2
Allison Inc and Sons,1
Locality name Wage Tax ,2
tax  Locality name DO,2
Smith-Hughes Ltd,1
"Booth, Porter and Berry and Sons",1
Jennifer Gonzalez,0
Brittany Russo,0
tax withheld c ZIP code,2
v file b Employer identification,2
Michelle Benitez,0
"Nunez, Turner and Kane LLC",1
Matthews PLC and Sons,1
Heather Armstrong,0
Joseph Hernandez,0
Hannah Williams,0
Service Form Statement Copy Be,2
   Statutor Retirement,2
"Green, Hayes and Andrews Ltd",1
Brown Inc and Sons,1
Glenn Keith,0
Jose Miller,0
Wagner-Chandler Group,1
"Thomas, Phillips and Johnson LLC",1
payment Dependent care benefits ,2
Jacqueline White,0
income tax  Localityname ,2
  Other enclosed Notice,2
Wallace Ltd PLC,1
Marc Robinson,0
 Allocated tips Control number,2
Wagner-Haynes Inc,1
Leonard Robinson,0
Notice c d  f,2
Silva and Sons LLC,1
"Miller, Herrera and Coleman PLC",1
Carl Rojas,0
Karen Martin,0
"Herrera, Skinner and Williams Inc",1
Timothy Huber,0
Davis-English PLC,1
tax withheld Medicare wages tips,2
IRS Website STATEMENT OMB Use,2
code Social security wages Social,2
Carolyn Bowers,0
care benefit   e,2
Miller-Peterson PLC,1
Cox Ltd Inc,1
Turner-Powell and Sons,1
Diana Meza,0
identification number compensation Federal income,2
Other enclosed Notice c d,2
number This information furnished Internal,2
a See instructions box ,2
Frederick Nichols,0
Barnett Group and Sons,1
Brown-Macdonald LLC,1
Robert Meyer,0
 Nonqualified plans a See,2
firstname initial Lastname  Nonqualified,2
"Tanner, Richards and Powers Group",1
Joshua Braun,0
Morris PLC LLC,1
Beth Nicholson,0
State income tax  Local,2
Hobbs-Sanchez PLC,1
wages tips Medicare tax withheld,2
lower portion REISSUED social security,2
Michelle Stephens,0
Tara Prince,0
Service Form Statement se file,2
Revenue Service Form Statement se,2
Reid-Espinoza Ltd,1
Juan Blackwell,0
Traci Knight,0
Statutory Retirement b employee plan,2
Fitzgerald-Turner and Sons,1
Hernandez PLC Ltd,1
James PLC Group,1
b Employer identification number compensation,2
Compton-Fitzgerald Ltd,1
c d   f,2
Pierce LLC and Sons,1
tax withheld Social security tips,2
Brett Smith,0
identification number compensation Federal income,2
Visit IRS Website STATEMENT OMB,2
Michael Randall,0
"Hernandez, Alexander and Phillips PLC",1
 d D  f,2
Lori Bartlett,0
  e firstname initial,2
John Mccarthy,0
Mendoza Inc and Sons,1
Jessica Payne,0
  e firstname initial,2
report b Employer identification number,2
"Evans, Montgomery and Santos PLC",1
compensation Federal income tax withheld,2
Kyle Cruz,0
"Allen, Jarvis and Mora Inc",1
Wood Inc and Sons,1
Joshua Acevedo,0
Kim Jackson,0
Ashley James,0
plan sick pay  Other,2
box  D  ,2
Pearson Inc Group,1
REISSUED social security number Visit,2
tips Medicare tax withheld Social,2
"Pena, Mccarthy and Haney LLC",1
"Robbins, Weaver and Spencer Group",1
Shawn Bailey,0
Aaron Manning,0
James Wilson,0
Russo-Vazquez and Sons,1
Rebecca Ellis,0
Casey Davis,0
Sean Villarreal,0
Martin Durham,0
Heather Brown,0
Statement Copy Be Filed FEDERAL,2
tips etc  State income,2
wages tips etc  Local,2
Mr. Corey,0
Tyler Bradshaw,0
"Johnson, Patrick and Miller LLC",1
sanction may imposed STATEMENT OMB,2
Thomas Flores,0
David Hamilton,0
income tax  Local etc,2
Michael Moore,0
E  d G ,2
Sarah Russell,0
OMB Use Rsev file b,2
Brandon Hardy,0
 Nonqualified plans a See,2
Statutory Retirement b employe lan,2
Bobby Jones,0
"Richardson, Torres and Brown LLC",1
Paula Hunter,0
"Powell, Torres and Roberts Inc",1
Smith-Smith Ltd,1
"Barnes, Scott and Pierce LLC",1
William Neal,0
identification number compensation Federal income,2
James Lawrence,0
Bonnie Hernandez,0
Kevin Fowler,0
"Johnson, Garcia and Allen PLC",1
"Durham, Hall and Thomas and Sons",1
Moreno LLC and Sons,1
Christopher Green,0
Hudson Ltd and Sons,1
Mcmahon Ltd Group,1
Whitney Serrano,0
Caroline Frederick,0
John Lozano,0
"Howell, Scott and Cox Ltd",1
Erin Ayala,0
Mccarthy-Macias LLC,1
Ward-Rogers Ltd,1
Allocated tips Control number Advance,2
Knapp-May PLC,1
Jones Group PLC,1
Heather Mcknight,0
Hudson Ltd Group,1
Moore Group Group,1
George Blair,0
Stacy Anderson,0
Deanna Williams,0
Nicole Hall,0
d  f address ZIP,2
Moody-Hill PLC,1
taxable fail report b Employer,2
Werner-Burke and Sons,1
April Prince,0
 e first name initial,2
Lee-Lawrence LLC,1
Casey PLC Inc,1
This information furnished Internal Revenue,2
Raymond West,0
withheld c ZIP code Social,2
    Statutory,2
Jeffrey Anderson,0
Bryant Ltd Group,1
 State wages tips ,2
Gould Inc Group,1
Nelson-Mcmahon Group,1
Barnes-Strong Group,1
income tax  Local wages,2
"Snyder, Harding and Montoya PLC",1
Williams-Hall Ltd,1
Lisa Garcia,0
Wage Tax  Department Revenue,2
benefit   e firstname,2
imposed STATEMENT OMB income taxable,2
Christina Johnson,0
sick pay X  Other,2
Marshall-Marshall LLC,1
Elizabeth Marshall,0
Patrick Walters,0
  H  ,2
Allocated tips Control number Advance,2
Shaffer-Hale Inc,1
Matthew Carlson,0
Danielle Horton,0
number This information furnished Internal,2
Notice c d  H,2
negligence penalty sanction may imposed,2
Desiree Bell,0
Susan Garza,0
John Bell,0
withheld Social security tips Allocated,2
security number This information furnished,2
Hill LLC Group,1
Locality name Wage Tax ,2
Welch-Gonzalez Ltd,1
Adams-Everett Group,1
enclosed Notice  d D,2
social security number This information,2
income taxable fail report b,2
number  State wages tips,2
b employee plan sick pay,2
"Brock, Pham and Estes and Sons",1
Kimberly Khan,0
Local income tax  Locality,2
John Park,0
Stephen Stevenson,0
Local income tax  Locality,2
portion REISSUED social security number,2
Erika Giles,0
Duran LLC LLC,1
Meyer PLC LLC,1
"Baker, Morrow and Owens and Sons",1
Duncan Group Ltd,1
Edgar Everett,0
Service Form Statement Copy Be,2
security number This information furnished,2
West Inc PLC,1
security number This information furnished,2
number Visit IRS Website STATEMENT,2
sanction may imposed STATEMENT OMB,2
Sherry Spencer,0
Andrea Walsh,0
OMB Use asev file b,2
Fisher-Aguilar LLC,1
report b Employer identification number,2
 Nonqualified plans a See,2
Social security wages Social security,2
"Mccarty, Austin and Phillips PLC",1
John Bass,0
Stephen Chavez,0
William Lamb,0
instructionsforbox    ,2
"Perkins, Beasley and Randall and Sons",1
"Zimmerman, Lewis and Rhodes LLC",1
Jones-Lindsey Group,1
Maldonado Inc Group,1
enclosed Notice c d ,2
Cody Butler,0
Troy Cruz,0
Waters-Pena and Sons,1
tips Medicare tax withheld Social,2
Thompson Inc and Sons,1
"Walker, Malone and Macias Ltd",1
Darlene Garner,0
c ZIP code Social security,2
Shannon Chase,0
David Cook,0
 Locality name Wage Tax,2
Price and Sons and Sons,1
This information furnished Internal Revenue,2
Barajas-Martin Inc,1
Tiffany Velez,0
security wage Social security tax,2
Owens PLC Group,1
William Ryan,0
Last name  Vonqualified plans,2
Santiago Ltd LLC,1
Nancy Henderson,0
"Mitchell, Mason and Moran PLC",1
a See instructions forbox ,2
Kathleen Rodriguez,0
Colon PLC Inc,1
withheld Medicare wages tips Medicare,2
"Hanson, Perez and Lloyd Inc",1
"Adams, Reyes and Vega Ltd",1
Dodson-Keller PLC,1
Combs-Smith Ltd,1
income tax  Local ,2
wages tips Medicare tax withheld,2
furnished Internal Revenue If required,2
Liu-Sanchez LLC,1
Hicks and Sons Ltd,1
Terry Inc and Sons,1
Campbell PLC PLC,1
Stephens-Lynch Ltd,1
Taylor Ltd and Sons,1
Anthony White,0
Young-Stout PLC,1
Richard Blake,0
"Barnett, Walker and Ortega Inc",1
Bell-Martin PLC,1
Emily Little,0
ZIP code Social security wages,2
Hamilton-Booker PLC,1
  Other enclosed Notice,2
Martin Ltd LLC,1
Floyd-Soto PLC,1
Stephanie Harper,0
Local income tax  Locality,2
Brown-Higgins Inc,1
Robert Hensley,0
James Rhodes,0
Department Revenue Service Form Statement,2
Mullins Group Group,1
Hammond-Alexander PLC,1
Greene-Bush and Sons,1
Stephen Caldwell,0
G  f address ZIP,2
Advance EIC payment  Dependent,2
 f address ZIP code,2
Nelson Inc Group,1
Christopher Allen,0
Morton-Blevins Inc,1
Debra Carlson,0
Monica Richards,0
tax  Localityname Village Wage,2
care benefits   e,2
Brent Alexander,0
Katherine Hensley,0
 Other enclosed Notice c,2
Jacob Thomas,0
Christine Holland,0
David Turner,0
Sergio Wright,0
Martinez-Jacobs and Sons,1
Keep lower portion REISSUED social,2
Crystal Munoz,0
Department Revenue Service Form Statement,2
Lee PLC Inc,1
d H  f address,2
Mr. Nathan,0
Erin Phillips,0
emplove plan sickpay  Donna,2
"Hoffman, Clark and Glenn Ltd",1
This information furnished Internal Revenue,2
"Kelly, Davis and Garcia Group",1
Stevenson-Moran LLC,1
Cheryl Richardson,0
Fisher-Nichols LLC,1
John Green,0
income tax  Local ,2
code  State state ID,2
Internal Revenue Cut Keep lower,2
Scott Moore,0
sickpay D   Other,2
"Rivera, Underwood and Huber and Sons",1
Wright-Hall Ltd,1
Garcia LLC PLC,1
Hanson and Sons Ltd,1
Kevin Harrington,0
 e firstname initial Last,2
Nancy Lewis,0
plan sick pay X x,2
wages Social security tax withheld,2
Laura Brown,0
"Casey, Green and Morales Ltd",1
Victoria Richardson,0
Rebecca Lawrence,0
Locality name  Wage Tax,2
 Department Revenue Service Form,2
number Advance EIC payment ,2
security wages Social security tax,2
Martin Becker,0
Stephen Scott,0
Martin-Lester and Sons,1
Dixon LLC and Sons,1
Karen Mercado,0
Justin Carpenter,0
address ZIP code  State,2
number  State wages tips,2
"Clark, Williams and Benjamin PLC",1
"Jackson, Singleton and Gutierrez and Sons",1
This information furnished Internal Revenue,2
"Snyder, Osborne and Davis LLC",1
"Cruz, Rodriguez and Moran PLC",1
Tiffany Black,0
Huber-Frazier LLC,1
a See instructions forbox ,2
Mcdaniel and Sons Ltd,1
Bonnie Mills,0
Evans Group Inc,1
  Other enclosed Notice,2
Statutory Retirement b emplove lan,2
wages tips Medicare tax withheld,2
benefit   e first,2
Parks Ltd LLC,1
Kelly Jackson,0
 Allocated tips Control number,2
   Statutory Retirement,2
Kendra Owen,0
Tran LLC Inc,1
Jason Daniel,0
Dakota Elliott,0
Jessica Beck,0
Gonzalez PLC Inc,1
Waller LLC LLC,1
White LLC Ltd,1
Terry Torres,0
income tax withheld c ZIP,2
Jason Price,0
initial Last name  Nonqualified,2
Williams LLC Ltd,1
Christopher White,0
Estes Ltd PLC,1
Dudley PLC and Sons,1
Lindsay Padilla,0
Jeffrey Hoffman,0
"Casey, Mcfarland and Gibson Group",1
"Johnson, Fletcher and Rose and Sons",1
Todd Silva,0
"Jimenez, Cabrera and Smith Inc",1
tax withheld Social security tips,2
Notice c E  d,2
number  State wages tips,2
Brown-Hardin PLC,1
Bill Miller,0
Christopher Duncan,0
Local income tax  Locality,2
Colleen Martinez,0
Christopher Sutton,0
Natalie Brandt,0
"Nelson, Morton and Colon and Sons",1
Use asev file b Employer,2
security number Visit IRS Website,2
Lindsey-Chandler PLC,1
Pacheco Inc Ltd,1
enclosed Notice c E ,2
G  f address ZIP,2
ID number  State wages,2
"Burgess, Wilson and Davis and Sons",1
ZIP code  State state,2
Martin Smith,0
Mary Hamilton,0
Ryan Rosales,0
"Wilson, Brown and Walker Inc",1
Advance EIC payment  Dependent,2
Rodriguez-Sanchez Inc,1
Smith Group PLC,1
Lopez-Kelley and Sons,1
Blake Stokes,0
Michael Tate,0
wages tips Medicare tax withheld,2
Department Revenue Service Form Statement,2
Joseph Watson,0
Vasquez-Davis Group,1
Cheryl Manning,0
lower portion REISSUED social security,2
Black-Miller PLC,1
"Huffman, Harmon and Evans Ltd",1
Social security tax withheld Medicare,2
Jenny Frye,0
Luke Thomas,0
Justin Long,0
Rocha-Jackson Inc,1
State state ID number ,2
Federal income tax withheld c,2
Wright-Nguyen Group,1
Hammond Inc LLC,1
wages tips Medicare tax withheld,2
withheld Medicare wages tips Medicare,2
Control number Advance EIC payment,2
Dustin Sandoval,0
Revenue Service Form Statement Copy,2
Joshua Herring,0
Ellis PLC PLC,1
Evans LLC Ltd,1
Mrs. Anna,0
Parker-Davenport and Sons,1
identification number compensation Federal income,2
Department Revenue Service Form Statement,2
fail report b Employer identification,2
FEDERAL Tax Return This information,2
Karen Martin,0
IRS Website STATEMENT OMB Use,2
Whitney Tyler,0
Andrea Deleon,0
Cameron Russo,0
security tax withheld Medicare wages,2
Mosley-Myers and Sons,1
sickpay X E  ,2
tips Medicare tax withheld Ballard,2
ZIP code Social security wages,2
e firstname initial Last name,2
Angela Hudson,0
Service Form Statement Copy Be,2
Advance EIC payment  Dependent,2
Victoria Casey,0
security tips Allocated tips Control,2
 Localityname Wage Tax ,2
"Valencia, Howe and Kemp Group",1
Brown Group PLC,1
Miller-Rivera PLC,1
Mr. Shawn,0
"Reese, Lee and Gonzalez and Sons",1
John Diaz,0
address ZIP code  State,2
tips Control number Advance EIC,2
Lamb-Grant and Sons,1
number Advance EIC payment Dependent,2
Garcia Inc Inc,1
"Marshall, Grant and Atkinson PLC",1
"Parker, Munoz and Andrews and Sons",1
John Moss,0
Michael Francis,0
Villanueva Ltd Ltd,1
Scott Owens,0
 State state ID number,2
April Smith,0
Amanda Carrillo,0
Mr. John,0
nsew file b Employer identification,2
Townsend-Blair Group,1
Michael Mclaughlin,0
"Reed, Martinez and Barnett and Sons",1
 e first name initial,2
"Edwards, Evans and Hanson and Sons",1
English-Curtis Inc,1
Kimberly Cross,0
Horn Group Inc,1
Anthony Johnson,0
Jerry King,0
Employer identification number compensation Federal,2
 Local income tax ,2
Hanna-Allen Inc,1
Roberts-Wu and Sons,1
Mike King,0
Shelly Holmes,0
"White, Dudley and Little PLC",1
Ashley Wood,0
Hansen PLC Inc,1
etc  State income tax,2
Harris-Rodriguez Inc,1
Rachel Cruz,0
Statutory Retirement b employe plan,2
Jessica Bean,0
Thomas Smith,0
Melissa Pitts,0
Darius Jackson,0
"Santos, Phillips and Nelson PLC",1
"Walker, Mcpherson and Chen Group",1
Sandra Dean,0
Michael Rivera,0
Coffey-Patel Inc,1
Jamie Thompson,0
Samantha Vincent,0
Thompson Inc Inc,1
Katie Horton,0
Wage Tax  Department Revenue,2
Allocated tips Control number Advance,2
Richard Rodriguez,0
Hill-Holt PLC,1
Brown-Garcia and Sons,1
number This information furnished Internal,2
 Local income tax ,2
Foster PLC Ltd,1
sanction may imposed STATEMENT OMB,2
Phillips Inc Ltd,1
Martin-Snyder LLC,1
  Statutory Retirement b,2
Howell-May Inc,1
Dependent care benefits  ,2
Mrs. Debbie,0
Robert Villa,0
John Williams,0
ZIP code Social security wages,2
Julia Nelson,0
plans a See instructions box,2
Coffey-Johnson Group,1
Internal Revenue If required STATEMENT,2
Mercado and Sons Inc,1
Nina Johnson,0
state ID number  State,2
Service Form Statement Copy Be,2
care benefits   e,2
Neil Palmer,0
Cut Keep lower portion REISSUED,2
Coleman Inc Inc,1
Blanchard PLC Inc,1
tips  State income tax,2
Stephanie Bradshaw,0
E   Statutor Retirement,2
EIC payment Dependent care benefits,2
John Wright,0
State  State income tax,2
Lindsey Wilson,0
name Wage Tax  Department,2
Internal Revenue If required file,2
Gregory Fry,0
etc  Local income tax,2
sanction may imposed income taxable,2
tax  Locality name Wage,2
Landry-Hughes Ltd,1
"Thompson, Richards and Park and Sons",1
King-Carter Inc,1
Social security tax withheld Medicare,2
Sheri Taylor,0
Sean Rogers,0
ZIP code  State state,2
Jackson Ltd LLC,1
information furnished Internal Revenue If,2
Tonya Sanchez,0
Johnson-Barry and Sons,1
Suzanne Lozano,0
Jackson Group PLC,1
code  State state ID,2
Gomez LLC LLC,1
"Owens, Robertson and Leonard Ltd",1
"Long, Ortiz and Johnson Group",1
  Statutory Retirement b,2
Walker Ltd and Sons,1
 State wages tips ,2
Patrick Floyd,0
 d G  f,2
Kathryn Hill,0
Giles and Sons Inc,1
Luis Price,0
withheld Medicare wages tips Medicare,2
Lowe-Terry PLC,1
Mason Inc LLC,1
Dependent care benefit  ,2
state number  State ,2
Rodriguez Inc Group,1
David Herrera,0
David Rhodes,0
Ross Garcia,0
Local income tax  Locality,2
Taylor-Johnson Group,1
b Employer identification number compensation,2
"Meyers, Poole and Hall Ltd",1
Sanders Group Inc,1
David Walters,0
Burns and Sons LLC,1
"Wilson, Woods and Palmer LLC",1
Hicks LLC Inc,1
Robert Moss,0
Jackson-Jones Inc,1
Internal Revenue Cut Keep lower,2
Julian Gross,0
Lisa Adams,0
State income tax  Local,2
Deborah Roberts,0
"Lewis, Williams and Stephens LLC",1
Villa-Miller Ltd,1
Huffman Ltd Ltd,1
Alexander-Gallagher PLC,1
Heather Hill,0
ZIP code  State state,2
Anderson-Anderson Inc,1
 f address ZIP code,2
Green-Bryan Ltd,1
imposed STATEMENT OMB income taxable,2
Ward-Alvarez Inc,1
imposed income taxable fail report,2
Lauren Harrell,0
Wage Tax  Department Revenue,2
income tax  Local wages,2
Federal income tax withheld c,2
Vasquez-Pace Ltd,1
State wages tips  State,2
Mrs. Amanda,0
furnished Internal Revenue Cut Keep,2
Jonathan Coleman,0
Velasquez LLC and Sons,1
Travis Fowler,0
  D  ,2
Website STATEMENT OMB Use b,2
Mckenzie Green,0
may imposed STATEMENT OMB income,2
"Hunter, Baker and Thompson PLC",1
Wilkins LLC LLC,1
Christopher Ramos,0
Jose Drake,0
 Local income tax ,2
Wright-Houston LLC,1
Justin Willis,0
Wallace and Sons LLC,1
  Other enclosed Notice,2
Mr. Michael,0
Little-Montgomery LLC,1
e firstname initial Last name,2
Alexander Haynes,0
withheld c ZIP code Social,2
Tucker-Cooper PLC,1
OMB income taxable fail report,2
John Osborne,0
b employer lan sickpay X,2
tips Control number Advance EIC,2
Laura Green,0
Sanchez and Sons Group,1
Adrienne Hill,0
Austin Burke,0
Be Filed FEDERAL Tax Return,2
 State wages tips ,2
Dylan Berger,0
tax  Local  Local,2
firstname initial Last name ,2
Woodard Group Group,1
Phillips-Miller PLC,1
sickpay X x P ,2
Green-Walsh Group,1
Amber Koch,0
"Bell, Torres and Anderson Ltd",1
Anna Murphy,0
"Wiley, Richardson and Fuentes Ltd",1
Mr. Shane,0
This information furnished Internal Revenue,2
David Miller,0
 State income tax ,2
Paige Smith,0
"Brown, Wade and Martin Inc",1
See instructions forbox  ,2
 Local income tax ,2
Rollins-Brooks LLC,1
Barron PLC LLC,1
Melissa Hardin,0
 Wage Tax  Department,2
Derek Miller,0
Lawrence-Williams Ltd,1
"Kelly, Vasquez and Walter PLC",1
Michael Morrison,0
Michael White,0
"Jackson, Thomas and Evans LLC",1
Jody Cook,0
Revenue Service Form Statement Copy,2
"Tyler, Fritz and Shaw PLC",1
"Fisher, Hooper and Torres Ltd",1
Lisa Daniels,0
Miller-Thornton Ltd,1
Raymond Marquez,0
Nonqualified plans a See instructions,2
Theresa Benson,0
Joseph Ramirez,0
Cody Garcia,0
Cunningham-Harris PLC,1
This information furnished Internal Revenue,2
"Howell, Gill and Bailey Group",1
Department Revenue Service Form Statement,2
"Stewart, Wheeler and Mitchell Group",1
Hunt-Davis Group,1
name initial Last name ,2
Sarah Perez,0
Lawrence Smith,0
"Galvan, Mays and Valdez Inc",1
Copy C For Use enclosed,2
Revenue Cut Keep lower portion,2
Johnson-Michael PLC,1
Hurley Inc and Sons,1
report b Employer identification number,2
"Miller, Perez and Byrd and Sons",1
"Parker, Evans and Valdez LLC",1
etc  Local income tax,2
Tim Dennis,0
first name initial Lastname ,2
 State income tax ,2
"Barnes, Frank and Matthews Group",1
Snyder-Davis and Sons,1
Michael Barker,0
Form Statement Copy Be Filed,2
tax  Locality name Wage,2
"Spears, Cisneros and Taylor and Sons",1
Lucas Inc Ltd,1
Be Filed FEDERAL Tax Return,2
Heather Vincent,0
number compensation Federal income tax,2
Joshua Campbell,0
John Hill,0
Jesse Patel,0
Jessica Knight,0
c d H  f,2
Tucker Inc Inc,1
Charles Crane,0
Smith LLC Group,1
John Barnes,0
David Wilkins,0
If required STATEMENT OMB file,2
Danielle Gonzalez,0
Singh-Cruz Group,1
"Ramirez, Martin and Dyer LLC",1
Harris-Trevino LLC,1
"Patterson, Martinez and Jennings Group",1
Best-Ryan and Sons,1
Ariana Garza,0
Amy Buckley,0
wages tips Medicare tax withheld,2
Douglas White,0
Byrd and Sons and Sons,1
Santos PLC Group,1
Christine Greene,0
EIC payment Dependent care benefits,2
nsew file b Employer identification,2
identification number othercompensation Federal income,2
 Local  Local income,2
Local  Local income tax,2
Samuel Williams,0
Ruiz-Nelson Inc,1
Gray LLC LLC,1
"Beltran, Smith and Bush Inc",1
Jenna Solis,0
file b Employer identification number,2
E   State state,2
Vaughan and Sons Inc,1
Jodi Reid,0
"Anderson, Nelson and Hall LLC",1
"Gonzales, Rice and Miller Ltd",1
Deborah Graham,0
"Salinas, Edwards and Hanna Ltd",1
EIC payment  Dependent care,2
Maria Wong,0
 Local income tax ,2
  Other enclosed Notice,2
West-Krause and Sons,1
Local wages tips etc ,2
tips  Allocated Control number,2
Federal income tax withheld c,2
STATEMENT OMB Use nsev file,2
Christopher Jones,0
Hodges Inc and Sons,1
"Goodwin, Perry and Fitzgerald Group",1
Steven Johnson,0
  e first nameand,2
Bell-Campbell PLC,1
e first name initial Last,2
Sparks Ltd Inc,1
employe plan sickpay X ,2
Heather Pitts,0
Internal Revenue If required file,2
name Wage Tax  Department,2
Use Rsev file b Employer,2
Casey Howe,0
box   E ,2
etc  Local income tax,2
"Mccarthy, Hahn and Mack LLC",1
imposed STATEMENT OMB income taxable,2
Nicholas Murphy,0
Allocated tips Control number Advance,2
 Local income tax ,2
Courtney Christian,0
Harris-Callahan Group,1
Sydney Sims,0
number compensation Federal income tax,2
FEDERAL Tax Return This information,2
Boyer and Sons PLC,1
"Galvan, Hill and Haynes Group",1
Samuel Brown,0
Matthew Kaiser,0
"Chavez, Rodriguez and Thompson PLC",1
 Dependent care benefits ,2
Smith Ltd and Sons,1
Barbara Reynolds,0
Kimberly Taylor,0
Delgado-Mueller and Sons,1
code Social security wages Social,2
"Khan, Jefferson and Lopez LLC",1
Amy Cline,0
White and Sons Group,1
Marie Smith,0
Walters-Gill and Sons,1
Hart-Reyes and Sons,1
Federal income tax withheld c,2
Carter LLC PLC,1
b employer plan sickpay X,2
Robinson PLC Ltd,1
Michael Gordon,0
Chelsey Weber,0
Carolyn Mclaughlin,0
 Local income tax ,2
Melissa Patel,0
withheld Social security tips Allocated,2
Stephen Fleming,0
Thompson-Mcgee and Sons,1
"Watts, Thompson and Schroeder LLC",1
"English, Smith and Clark and Sons",1
Schmidt Inc PLC,1
Melanie Lopez,0
Brian Alvarado,0
Nancy Gonzales,0
Revenue Service Form Statement se,2
Schneider-Best Group,1
Francis Group PLC,1
Lowery-Ramirez Group,1
"Rodriguez, Jennings and Olson Inc",1
Atkinson LLC Inc,1
b Employer identification number othercompensation,2
Frank Pena,0
 Department Revenue Service Form,2
Ivan Johnson,0
Herrera Inc Ltd,1
Castillo-Torres Ltd,1
"Jefferson, Brown and Horton Ltd",1
security tips  Allocated tips,2
State  State income tax,2
Mccoy-Jackson Inc,1
Annette Williams,0
withheld c ZIP code Social,2
Woods Ltd Inc,1
Goodwin-Washington PLC,1
Riley LLC PLC,1
Lopez Group Ltd,1
"West, Ramirez and Taylor Ltd",1
Herrera Ltd PLC,1
Jones Ltd Ltd,1
Sherry Fernandez,0
Mark Raymond,0
Medicare tax withheld Social security,2
number compensation Federal income tax,2
Sarah Lindsey,0
Livingston-Mckinney Inc,1
b employee plan sick pay,2
Revenue Service Form Statement Copy,2
Curtis Miller,0
Kevin Adams,0
Sara Randall,0
Rogers-Ortega Group,1
Perez-Montes Ltd,1
Tony Harper,0
Lisa Martinez,0
Kelly Mills,0
withheld Social security tips Allocated,2
Hall Ltd Group,1
tips Medicare tax withheld Social,2
Jeffrey Henderson,0
Allocated tips Control number Advance,2
Luke Turner,0
Miller-Phillips Ltd,1
instructions forbox   G,2
Higgins-Collins LLC,1
Lori Garcia,0
Sandra Spencer,0
Larry Hughes,0
Statutory Retirement b employee plan,2
Young-Peterson and Sons,1
Andrews-Fields Group,1
Vincent-Mahoney Inc,1
Nicole Wright,0
Baldwin-Myers LLC,1
Kimberly Daniels,0
"Keller, Martin and Powell PLC",1
Wilson-Friedman Group,1
Laura Robbins,0
Salazar-Sullivan Ltd,1
James Smith,0
Carol Dunn,0
Mcbride PLC and Sons,1
Claudia Miller,0
benefit   e firstname,2
Ramirez and Sons Group,1
Taylor Stanley,0
Paige Garcia,0
"Gillespie, Mckay and Logan PLC",1
"Beard, Oconnor and Hernandez Ltd",1
report b Employer identification number,2
Williams Ltd Group,1
"Mendoza, Dominguez and Lewis PLC",1
 Department Revenue Service Form,2
Monica Norris,0
Knight Group Ltd,1
wages tips Medicare tax withheld,2
Higgins-Hernandez Inc,1
tips  State income tax,2
payment Dependent care benefits ,2
Becker Group LLC,1
identification number compensation Federal income,2
Kathleen Kim,0
Miller-Thompson LLC,1
wages tips Medicare tax withheld,2
Arthur Hobbs,0
Wage Tax  Department Revenue,2
 Localityname DO Wage Tax,2
Tommy Duncan,0
Hester LLC Group,1
Tony Clements,0
Tyler Weiss,0
 Local income tax ,2
D   Statutory Retirement,2
Schneider-Bailey LLC,1
Mary Townsend,0
"Farrell, Rocha and Bernard Inc",1
 State income tax ,2
withheld c ZIP code Social,2
  Other enclosed Notice,2
David Chaney,0
Edwin Miller,0
Wang and Sons Ltd,1
Johnson-Washington PLC,1
Carlson Group Group,1
Retirement b employee plan sickpay,2
Warner-Jones Group,1
Bryan Dawson,0
"Walker, Patel and Mccarty Group",1
Internal Revenue If required file,2
Medicare wages tips Medicare tax,2
Park-Cruz PLC,1
"Moore, Brooks and Chapman Group",1
Brian Fowler,0
security number Visit IRS Website,2
Julie Matthews,0
White Inc Ltd,1
Hale Inc Inc,1
b Employer identification number compensation,2
"Foley, Williams and Stevens Group",1
Control number Advance EIC payment,2
Teresa Gomez,0
Chase Wilkerson,0
"Davis, Knight and Mercer and Sons",1
 Local income tax ,2
 Dependent care benefit ,2
Hernandez-Holder Inc,1
Nancy Brock,0
Brown LLC Inc,1
"Harrison, King and Ruiz Ltd",1
negligence penalty sanction may imposed,2
Courtney Thompson,0
 d  f address,2
 d G  f,2
Rebekah Barnett,0
Visit IRS Website STATEMENT OMB,2
name initial Last name ,2
"Beasley, Castro and Mcmahon LLC",1
"Baker, Cunningham and Boone PLC",1
"Knight, Mccoy and Nicholson Inc",1
REISSUED social security number This,2
Lisa Brewer,0
State income tax  Local,2
Mrs. Maria,0
"Scott, Maxwell and Aguirre Group",1
Local wages tips etc ,2
Taylor Simmons,0
Alexis Rojas,0
"Jackson, Brown and Evans Ltd",1
Cassandra Gonzalez,0
"Wilson, Juarez and Young PLC",1
Henry Davis,0
state ID number  State,2
Pamela Johnson,0
Tracy Davies,0
Russo-Peterson and Sons,1
Traci Barrera,0
Adams-Simon Inc,1
Davidson Inc Inc,1
tax negligence penalty sanction may,2
Kathleen Lewis,0
EIC payment Dependent care benefits,2
Ashley Smith,0
Tyler Hernandez,0
This information furnished Internal Revenue,2
Foster-Peterson PLC,1
Adkins Group Group,1
Lisa Parker,0
Davis Group LLC,1
Woodard-Clayton Inc,1
Price-Ryan LLC,1
payment  Dependent care benefit,2
Internal Revenue If required file,2
Higgins Inc Inc,1
Kara Diaz,0
 Department Revenue Service Form,2
Erika Hodges,0
Alejandro Singleton,0
Spears Ltd and Sons,1
"Nolan, Webster and Carroll Ltd",1
Rodney Avila,0
Harmon-Kerr PLC,1
Travis Jennings,0
"Parsons, Kennedy and Weber and Sons",1
Castillo Inc and Sons,1
Rowe LLC LLC,1
Brandon Hayes,0
Jason Michael,0
Larry Barnes,0
"Ward, Coleman and Clark Group",1
"Miller, Hernandez and Wade Ltd",1
Kim Ltd Ltd,1
Kelly Chapman,0
Kayla Morales,0
Kenneth Jones,0
Riley PLC PLC,1
forbox   G ,2
  e firstname initial,2
Delacruz-Ho LLC,1
Jason Carey,0
  e first name,2
etc  State income tax,2
"Allen, Garcia and Rojas and Sons",1
security tax withheld Medicare wages,2
Emily Simpson,0
Internal Revenue Cut Keep lower,2
Hill-Long PLC,1
Matthew Phelps,0
Advance EIC payment Dependent care,2
Alison Rivera,0
Louis Johnson,0
Allocated tips Control number Advance,2
payment  Dependent carebenefits ,2
Stanley Snyder,0
Nonqualified plans a See instructionsfor,2
Mary Perry,0
Garner-Jensen Group,1
Moore Inc Ltd,1
Eileen Stanley,0
Hansen-Solis Ltd,1
Gonzalez-Randall Group,1
Edwards PLC Group,1
security tips  Allocated tips,2
"Rodriguez, Young and Rodriguez Ltd",1
Carrie Jacobs,0
"Reed, Howe and Bailey Ltd",1
Jasmine Jimenez,0
"Norman, Good and Jones PLC",1
Adriana Ryan,0
Hardy LLC LLC,1
Website STATEMENT OMB Use b,2
Arnold-Jones and Sons,1
income tax  Locality name,2
Monique Stafford,0
Jeremy Wagner,0
"Martin, Ryan and Crosby Ltd",1
Richard Nichols,0
Campbell-Perkins and Sons,1
initial Last name  Nonqualified,2
Social security tips  Allocated,2
Stevens-Martinez Group,1
Chelsey Jones,0
Kelly Buchanan,0
tax withheld Medicare wages tips,2
George Bender,0
Thomas Cordova,0
Evans Ltd Group,1
 Department Revenue Service Form,2
Dependent care benefits  ,2
Ryan Barker,0
Kane Inc Ltd,1
Stanley Pacheco,0
Social security tax withheld Medicare,2
State income tax  Local,2
Social security tips Allocated tips,2
Erickson-Haynes Group,1
Brian Price,0
April Lewis,0
Flores-Mclean PLC,1
Matthew Webb,0
tips Control nun Advance EIC,2
Nunez-Francis and Sons,1
Harrison Group LLC,1
Jeremy Davis,0
ZIP code Social security wages,2
REISSUED social security number Visit,2
Ryan Torres,0
Schaefer Group Ltd,1
"Holt, Garza and Frank LLC",1
REISSUED social security number Visit,2
Richard Moore,0
G  d f address,2
Cooper-Mcdonald Ltd,1
security number This information furnished,2
Retirement b emplove plan sickpay,2
Steele Ltd Inc,1
Young-Sharp and Sons,1
"Medina, West and Scott Inc",1
See instructions forbox  ,2
Corey Reynolds,0
Davidson-Browning Ltd,1
Brooke Robinson,0
Walsh-Hamilton Inc,1
Tucker Ltd Ltd,1
Zachary Morrow,0
Renee Taylor,0
 Local income tax ,2
Andrea Reilly,0
Jennifer Weber,0
income taxable fail report b,2
Matthew Lewis,0
Keep lower portion REISSUED social,2
  G  ,2
 Statutory Retirement b employee,2
Robertson-Anderson and Sons,1
Leon Cross,0
  Other enclosed Notice,2
Return This information furnished Internal,2
"Chandler, Moore and Grant Inc",1
Natasha Banks,0
X X H  ,2
Donald Wagner,0
Dale Logan,0
Edward Miller,0
Berg-Gray Ltd,1
Federal income tax withhel c,2
e first name initial Last,2
William Leon,0
Munoz-Jackson and Sons,1
tax  Localityname  Wage,2
Karen Perez,0
Justin Fitzgerald,0
Aaron Gross,0
Laura Nelson,0
security number Visit IRS Website,2
Social security tips Allocated tips,2
 Social security tips ,2
Catherine Taylor,0
"Dyer, Jones and Johnson Inc",1
If required file tax negligence,2
Michelle Long,0
"Mason, Berry and Harris Ltd",1
   Other enclosed,2
Lastname  Nonqualified plans a,2
Donna Cruz,0
Anthony Jacobs,0
withheld Medicare wages tips Medicare,2
Castillo Ltd and Sons,1
Allocated tips Control number Advance,2
Adrian Martin,0
Morris-Ramirez LLC,1
Franklin Ltd PLC,1
Flores Ltd Ltd,1
STATEMENT OMB Use nsew file,2
Heather Moreno,0
Morgan Ltd and Sons,1
"Miranda, Mckay and Thompson PLC",1
George Inc PLC,1
Derek Lewis,0
Foster-Bennett PLC,1
Bauer-Singh Inc,1
Daniel Baker,0
b Employer identification number compensation,2
tax withheld Social security tips,2
Zachary Wright,0
Hernandez-Lopez Ltd,1
"Sutton, Bass and Pennington LLC",1
Ferguson-Nixon LLC,1
Peterson-Fields Group,1
Medicare tax withheld Social security,2
compensation Federal income tax withheld,2
Kristin Key,0
Christopher Gonzales,0
c d   f,2
 e firstname initial Lastname,2
Dale Bolton,0
tips  State income tax,2
Jacobs PLC Group,1
Day Inc LLC,1
Form Statement se file Copy,2
 Department Revenue Service Form,2
Julie Reyes,0
Cisneros-Gonzalez Ltd,1
EIC payment  benefit ,2
benefit   e first,2
Miss Renee,0
"Hall, Brown and Cooke PLC",1
Local income tax  Localityname,2
Gates Ltd PLC,1
Jeffrey Marsh,0
Jessica Armstrong,0
Federal income tax withheld c,2
security tax withheld Medicare wages,2
Michael Collier,0
Clark and Sons Ltd,1
Joshua Ramirez,0
Melanie Watson,0
care benefits   e,2
withheld Medicare wages tips Medicare,2
Hall LLC LLC,1
 D  Statutor Retirement,2
Mcdaniel-Watson Inc,1
"White, Garner and Allen Ltd",1
"Fisher, Jones and Butler and Sons",1
Howard Brown,0
Revenue Service Form Statement se,2
See instructions box  ,2
Department Revenue Service Form Statement,2
Wanda Moreno,0
Victoria Stewart,0
Revenue Service Form Statement Copy,2
Rebekah Mitchell,0
This information furnished Internal Revenue,2
State state ID number ,2
David Allen,0
Steven Holt,0
Kristin Wilson,0
payment  benefits  ,2
Valentine Group Group,1
John King,0
Moon Inc PLC,1
STATEMENT OMB income taxable fail,2
Anderson Ltd PLC,1
e first name initial Lastname,2
Gabrielle Taylor,0
Gutierrez-Callahan Inc,1
Kristin Holt,0
sickpay   Other enclosed,2
file tax negligence penalty sanction,2
Brooks-Harrington Ltd,1
Robinson-Smith Group,1
Jessica Russell,0
Sarah Brandt,0
 State wages tips etc,2
Isaac Nixon,0
Bruce Smith,0
Jessica Mckinney,0
"Finley, Vincent and Cook Ltd",1
Green Ltd and Sons,1
Monica Miller,0
"Morrow, Black and Fleming and Sons",1
Buck-Stone Inc,1
wages Social security tax withheld,2
b employee plan sickpay X,2
Kayla Torres,0
Internal Revenue Cut Keep lower,2
information furnished Internal Revenue Cut,2
  Other enclosed Notice,2
"Munoz, Flores and Austin and Sons",1
enclosed Notice c P ,2
Patterson-Brown PLC,1
Sonya Diaz,0
Sharon Hayes,0
Dependent carebenefits   e,2
tax  Locality name Wage,2
Hayes-Shepherd LLC,1
STATEMENT OMB income taxable fail,2
 G   Statutor,2
"Moore, Owens and Ryan and Sons",1
Nicole Moyer,0
Harris Inc LLC,1
Mercedes Cook,0
Wilcox and Sons and Sons,1
Be Filed FEDERAL Tax Return,2
Danielle Wright,0
Sanchez-Lee and Sons,1
Moss-Le and Sons,1
Local income tax  Locality,2
Statutor Retirement b employer plan,2
 Other enclosed Notice P,2
Anthony Mendoza,0
Matthew Gomez,0
Wilson Ltd and Sons,1
 Local income tax ,2
Keep lower portion REISSUED social,2
H   Other enclosed,2
Jasmine Bryant,0
c P  d E,2
"Roberson, Williams and Cruz Ltd",1
Lisa Guzman,0
Tax  Department Revenue Service,2
furnished Internal Revenue Cut Keep,2
Boone Group Group,1
code  State state ID,2
Internal Revenue If required file,2
"Weiss, Anderson and Thompson PLC",1
Laurie Ross,0
d D  f address,2
Website STATEMENT OMB Use nsew,2
"Gray, Reyes and Thomas Group",1
"Gonzalez, Nichols and Fitzpatrick PLC",1
"Schultz, Ortiz and Hayden PLC",1
Holder PLC and Sons,1
"Hodges, Kelly and Marquez Inc",1
 d  f address,2
Ashley Robinson,0
b Employer identification number compensation,2
"Cortez, Williams and Gilbert and Sons",1
nsew file b Employer identification,2
Joshua Chapman,0
number compensation Federal income tax,2
Lori Davis,0
instructions box   H,2
Carla Martinez,0
"Cook, Dawson and Ochoa and Sons",1
Timothy Johnson,0
Megan Smith,0
Hardy-Clark PLC,1
tax  Local  Local,2
forbox    ,2
Danielle Hernandez,0
Wells-Conrad Group,1
Medicare wages tips Medicare tax,2
Wage Tax  Department Revenue,2
Website STATEMENT OMB Use nsew,2
Jenkins-Dean Ltd,1
Lastname  Nonqualified plans a,2
State state ID number ,2
"Todd, Williams and Graham PLC",1
Stephanie Garcia,0
Andrew Sullivan,0
Wage Tax  Department Revenue,2
"Davis, Jones and Ford Ltd",1
"Jones, Harris and Kim Inc",1
"Mills, Marks and Franklin Group",1
Employer identification number compensation Federal,2
 D   Statutor,2
Brown Ltd Ltd,1
 Statutory Retirement b employee,2
Morgan-Bass and Sons,1
firstname initial Lastname  Nonqualified,2
Curtis Morales,0
etc  Local income tax,2
  G  ,2
John Schaefer,0
Jonathan Brown,0
"Montgomery, Martin and Collins and Sons",1
Stacy Cowan,0
Christy Conway,0
Fisher LLC LLC,1
"Davis, Dominguez and Cruz and Sons",1
 Locality name  Wage,2
Amanda Hayden,0
withheld Social security tips Allocated,2
Ramos LLC Group,1
Acosta Inc Group,1
"Rogers, Perez and Torres PLC",1
"Johnson, Chang and Ochoa and Sons",1
Eric Torres,0
Shaw and Sons Group,1
King-Hayes and Sons,1
James Flores,0
OMB Use nsew file b,2
"Peters, Benson and Riley PLC",1
"Norris, King and Ward and Sons",1
Mcconnell Inc LLC,1
Julian Cunningham,0
Ferguson and Sons Ltd,1
d D  f address,2
Tracy Klein,0
Robert Burton,0
Karen Randolph,0
Tracy Sanders,0
name initial Last name ,2
Lastname  Nonqualified plans a,2
EIC payment Dependent care benefit,2
John Hicks,0
Ryan Smith,0
Dr. Matthew,0
Smith Group PLC,1
Laura Russo,0
Social security tax withheld Medicare,2
H  f address ZIP,2
withheld Social security tips ,2
 D   Statutory,2
Lee-Fuller PLC,1
Frank LLC PLC,1
Brian Webb,0
Frederick-Hendricks Group,1
Clark-White LLC,1
Dunn and Sons Group,1
Spence-Vazquez LLC,1
Jennifer Walker,0
name  Nonqualified plans a,2
Munoz-Mack LLC,1
Vaughn Group Inc,1
plan sick pay X X,2
"Owen, Myers and Brooks Group",1
initial Last name  Nonqualified,2
Allen and Sons PLC,1
"Jackson, King and Peters Ltd",1
Matthew Myers,0
number This information furnished Internal,2
benefits   e first,2
Laura Rodriguez,0
James Allen,0
James Abbott,0
file Copy C For Use,2
"Bishop, Walton and Joseph and Sons",1
Love-Stevens Group,1
Jennifer Walsh,0
Jeremy Baker,0
Cooper-Hernandez and Sons,1
Dylan Parker,0
Elizabeth Woods,0
X x D  ,2
Joseph Martinez,0
Katherine Cox,0
Frank Medina,0
"Huff, Cooke and George Inc",1
Jimenez-Scott Group,1
E   Other enclosed,2
plan sickpay X X ,2
Morris and Sons Inc,1
Social security tips  Allocated,2
"Kelley, Klein and Cunningham Inc",1
Robert Martin,0
"Burch, Herring and Burgess and Sons",1
Jean Jacobs,0
Jean Hanson,0
Mario King,0
See instructions box  ,2
number compensation Federal income tax,2
Diaz Group and Sons,1
Larsen Ltd Inc,1
Connie Tran,0
Torres Ltd LLC,1
Joseph Brooks,0
"Watson, Love and Gray Inc",1
Martha Watson,0
Hernandez Inc Group,1
Mitchell-Huang and Sons,1
 Local income tax ,2
Locality name Wage Tax ,2
Lewis-Perez Ltd,1
  Other enclosed Notice,2
Le-Brown PLC,1
e firstname initial Last name,2
Ball-Collins PLC,1
Cobb-King and Sons,1
Joan Campbell,0
tax negligence penalty sanction may,2
"Patton, Hancock and Taylor Ltd",1
Rhodes LLC and Sons,1
Deborah Lowe,0
Jose Wade,0
  Statutor Retirement ,2
Chan PLC Group,1
numbe Advance EIC payment ,2
  Statutory Retirement b,2
Kristin Ramsey,0
Rick Lee,0
Amanda Blake,0
"Ramos, Wright and Alexander LLC",1
Bailey LLC Group,1
Garcia-Gibson Ltd,1
Leslie Olson,0
Johnson-Sanchez PLC,1
Nguyen PLC Group,1
Andrew Clark,0
Robert Davidson,0
Young Inc PLC,1
Aguilar-Watson Group,1
Joseph Porter,0
Brock Group Ltd,1
Maria Barrera,0
Jefferson Group Group,1
Gregory Rodriguez,0
Ronald Bautista,0
Michael Perez,0
Cook-Rivera Group,1
Mullins-Hayes and Sons,1
Eric Watts,0
Murray-Pearson Group,1
"Simpson, Gibson and Keller Ltd",1
Joseph Hall,0
Durham-Kaiser and Sons,1
Henderson Group and Sons,1
Peter Chen,0
Grant Young,0
imposed STATEMENT OMB income taxable,2
"Nguyen, Brown and Jenkins Inc",1
Fernandez-Leblanc and Sons,1
Davis PLC and Sons,1
Hicks Inc and Sons,1
a See instructions box ,2
 Dependent care benefits ,2
P   Statutory Retirement,2
Rodriguez Ltd LLC,1
Paula Logan,0
Allocated tips Control number Advance,2
"Turner, Anderson and Austin PLC",1
Christina Rodgers,0
Matthew Lopez,0
Tyler Howard,0
"Allen, Torres and Ruiz and Sons",1
Advance EIC payment  Dependent,2
Baldwin-Rivera and Sons,1
tips Control number Advance EIC,2
James Johnson,0
Christian Kim,0
Maria Small,0
Mrs. Courtney,0
Danielle Rojas,0
Jones Inc Group,1
benefit   e firstname,2
Thomas-Williams Inc,1
address ZIP code  State,2
Carter-Thomas and Sons,1
Michael Brown,0
Black-Torres Inc,1
Michelle Beard,0
Tina Jones,0
Ricky Boyer,0
D  d D ,2
security number Visit IRS Website,2
Nelson-Wiggins Ltd,1
Yolanda Sanders,0
"Stewart, Woods and Green Inc",1
"Stephens, Clark and Foster Group",1
Spencer Ltd LLC,1
tax withheld c ZIP code,2
Garcia LLC Group,1
information furnished Internal Revenue Cut,2
Social security tax withheld Medicare,2
c d  f address,2
Sims-Barnes Ltd,1
Maddox Group PLC,1
income tax withheld c ZIP,2
Isabel Holden,0
Fitzgerald-Jones Ltd,1
"Miller, Acevedo and Osborne LLC",1
Santos-Jones Ltd,1
Obrien-Bailey LLC,1
Mr. Paul,0
 State state ID number,2
b Employer identification number compensation,2
Diaz LLC LLC,1
Mcguire-Levine Inc,1
Castillo-Sanchez and Sons,1
"Graham, Eaton and Johnson PLC",1
Kenneth Jenkins,0
Sara Cortez,0
Amy Wiley,0
Peggy Mccall,0
E  d  f,2
Miranda Wolfe,0
"Johnson, Jones and Fuller Inc",1
Medicare wages tips Medicare tax,2
Young-Anderson Ltd,1
state ID number  State,2
tax negligence penalty sanction may,2
 Other enclosed Notice c,2
address ZIP code  State,2
Edward Armstrong,0
security tax withheld Medicare wages,2
Johnson LLC PLC,1
se file Copy C For,2
Whitaker-Abbott LLC,1
Myers PLC and Sons,1
"Hancock, Brown and Pierce PLC",1
Andrea Johnson,0
Jaclyn Morris,0
Debbie Dawson,0
Collins-Santana Ltd,1
Melissa Gross,0
Mann-Cox LLC,1
f address ZIP code ,2
compensation Federal income tax withheld,2
Thomas Bautista,0
Morgan Shaw,0
Donna Harris,0
tips etc  State income,2
State income tax  Local,2
"Mccormick, King and Warren Ltd",1
Christopher Schroeder,0
Jones PLC LLC,1
Frederick-Collier Inc,1
William Harrison,0
Taylor-Salinas Inc,1
Medicare tax withheld Social security,2
Sarah Bell,0
If required file tax negligence,2
Danielle Cooper,0
Wilson-Harrison PLC,1
State income tax  Local,2
"Thomas, Glenn and Price LLC",1
Dyer and Sons PLC,1
e first name initial Last,2
income tax  Local wages,2
Brittany Moreno,0
Juan Wade,0
Cook LLC and Sons,1
Nicholas Hernandez,0
name initial Lastname  Nonqualified,2
 State state ID number,2
Keep lower portion REISSUED social,2
Michelle Hicks,0
Kim Evans,0
income tax  Locality name,2
Brandon Ramirez,0
FEDERAL Tax Return This information,2
Nicole King,0
Social security wages Social security,2
"Greene, Sherman and Dickerson PLC",1
Frederick Carter,0
Wilson Inc LLC,1
Thompson-Hansen Group,1
Baker LLC Group,1
Anderson-Ho Ltd,1
Dependent care benefits  e,2
Diane Jones,0
security wages Social security tax,2
security tips Allocated tips Control,2
"Davis, Davidson and Brown PLC",1
Charles Long,0
Chelsey Hopkins,0
Form Statement se file Copy,2
Brett Fields,0
Kimberly Gray,0
Cut Keep lower portion REISSUED,2
Joseph Kelly,0
file Copy C For Use,2
"Cole, Kim and Donaldson and Sons",1
Anthony Irwin,0
Crawford-Wheeler and Sons,1
portion REISSUED social security number,2
Larry Hill,0
STATEMENT OMB Use nsew file,2
Sarah Brown,0
negligence penalty sanction may imposed,2
Misty Nunez,0
Mercado LLC PLC,1
"Hobbs, Cooper and Brown Ltd",1
Tina Gill,0
address ZIP code  State,2
Garcia PLC LLC,1
Bobby Torres,0
Sarah Moore,0
STATEMENT OMB Use nsew file,2
Lori Carney,0
tax withheld Social security tips,2
"Castro, Sanders and Bryant and Sons",1
Notice c d H ,2
Mercado-Reynolds and Sons,1
Paul Riley,0
Allison Alexander,0
box    ,2
Stokes-Whitney Inc,1
Robert Williams,0
"West, Wilcox and Wong Inc",1
Ashley Howell,0
Miranda Conway,0
Mr. Luke,0
Dustin Black,0
Farley-Fisher Group,1
c ZIP code Social security,2
Danielle Leonard,0
State income tax  Local,2
Edwin Miller,0
Collins LLC and Sons,1
Zimmerman-Hensley PLC,1
"Lopez, Green and King Inc",1
Social security tips Allocated tips,2
Wright-Garcia Group,1
"George, Joseph and Acevedo LLC",1
tips Allocated tips Control number,2
Reid LLC Ltd,1
Locality name Wage Tax ,2
Susan Elliott,0
"Adams, Chase and Gilbert Inc",1
tax withheld c ZIP code,2
Jared Lutz,0
Espinoza LLC Ltd,1
Suarez-Duke Ltd,1
Christopher Brock,0
Brandi Rose,0
security tax withheld Medicare wages,2
Dominguez PLC Inc,1
address ZIP code  State,2
"Wilson, Caldwell and Landry Ltd",1
Website STATEMENT OMB Use nsev,2
Hughes Inc PLC,1
Garrett-Gilbert Inc,1
Darius Moore,0
Carson-Nixon PLC,1
Gonzales Group PLC,1
Revenue Cut Keep lower portion,2
Ryan George,0
furnished Internal Revenue Cut Keep,2
code  State state ID,2
Scott Hanson,0
Billy Anderson,0
"White, Romero and Patel PLC",1
"Martin, Finley and Adams Group",1
White Inc Inc,1
Carter Group LLC,1
Morgan-Henson Inc,1
Cordova LLC Inc,1
"Rodriguez, Scott and Nelson and Sons",1
Kelly PLC Group,1
e first name initial Lastname,2
Davis-Smith Inc,1
d  P  f,2
"Bennett, Allen and Yang Inc",1
Alexander Todd,0
number Visit IRS Website STATEMENT,2
"Pierce, Andrews and Everett Group",1
Christopher Norton,0
Emily Parker,0
furnished Internal Revenue If required,2
Richard Martin,0
 e first name initial,2
Loretta Bryant,0
Patricia Bridges,0
Daniel Smith,0
Anderson-Mcintyre Inc,1
Statutory Retirement b employee plan,2
Julie Miller,0
H   Statutory Retirement,2
"Suarez, Rose and Hull Ltd",1
Aaron Black,0
Stephanie Dean,0
Zuniga Inc PLC,1
Jacqueline Kline,0
instructions forbox   ,2
Dr. Dustin,0
Christina Howard,0
Ann Hill,0
Susan Bailey,0
Wage Tax  Department Revenue,2
c G  d ,2
James Smith,0
"Brown, Roberts and Ross Group",1
Mosley-Davis Inc,1
Stephens LLC Group,1
Robinson-Garcia LLC,1
Jennifer Chen,0
IRS Website STATEMENT OMB Use,2
Thomas-Boyd Inc,1
"Gordon, Haas and Johns LLC",1
Lindsey-Wong Ltd,1
etc  State income tax,2
c ZIP code Social security,2
  e firstname initial,2
Marquez LLC Ltd,1
Graves-Jenkins PLC,1
d E  f address,2
tax  Local wages tips,2
"Fitzgerald, Taylor and Rice Ltd",1
"Kelley, Ortiz and Bailey Group",1
"Bradley, Rodriguez and Shannon Group",1
Michael Hughes,0
Richard Robles,0
Phillip Austin,0
Nancy Castaneda,0
King Inc PLC,1
David Matthews,0
Davis-Moon PLC,1
Leslie Rogers,0
Nicole Molina,0
Daniel Scott,0
Jessica Lawrence,0
Stacy Dodson,0
Hayes Group and Sons,1
Robert Lambert,0
Denise Lewis,0
Mario Wright,0
Stewart-Hernandez PLC,1
  Other enclosed Notice,2
Manning-Cummings Ltd,1
a See instructions box ,2
 Other enclosed Notice c,2
Joshua Brown,0
Chelsea Christian,0
Chloe Johnson,0
David Bernard,0
Michael Grant,0
furnished Internal Revenue Cut Keep,2
name initial Last name ,2
Anthony Petersen,0
required file tax negligence penalty,2
Felicia Thomas,0
number  State  State,2
Dependent care benefits  ,2
  Statutory Retirement b,2
"Garcia, Cruz and Mendoza Group",1
furnished Internal Revenue If required,2
benefit   e firstname,2
Melissa Carroll,0
REISSUED social security number This,2
Jennifer Taylor,0
John Meyer,0
Palmer-Daniels Group,1
Joshua Johnson,0
withheld c ZIP code Social,2
"Juarez, Bruce and Wright Group",1
Other enclosed Notice c d,2
payment Dependent care benefit ,2
Daniels Inc and Sons,1
sanction may imposed STATEMENT OMB,2
Oneill-Tucker Group,1
Gabrielle Heath,0
 H  f address,2
James-Proctor Group,1
"Maldonado, French and Combs Group",1
Ray-Hoover and Sons,1
E  f address ZIP,2
Brown-Cole Group,1
Debbie Warren,0
e firstname initial Last name,2
Be Filed FEDERAL Tax Return,2
Cooke-Williams and Sons,1
portion REISSUED social security number,2
"Santana, Walters and Parker Inc",1
Yates and Sons Ltd,1
Kevin Smith,0
withhel c ZIP code Social,2
Erin Jenkins,0
Phillip Reilly,0
Stephanie Green,0
Zimmerman-Dixon and Sons,1
Beth Ramirez,0
wages tips Medicare tax withheld,2
tax withheld Medicare wages tips,2
Taylor Mills,0
"Anderson, Walker and Gonzales and Sons",1
Ann Chang,0
"White, Summers and Garcia LLC",1
Olivia Clark,0
withheld  Medicare wages tips,2
Laura Moreno,0
"Stevenson, Patterson and Cook Ltd",1
Sarah Mcdaniel,0
Matthew Guerrero,0
Nicholson-Scott LLC,1
file b Employer identification number,2
 State income tax ,2
Nelson and Sons Ltd,1
Lynn Lowery,0
b Employer identification number compensation,2
wages tips etc  Local,2
Retirement b employee plan sickpay,2
Last name  Nonqualified plans,2
"Manning, Mccann and Guerrero Inc",1
Wolf Inc LLC,1
Laura Webb,0
IRS Website STATEMENT OMB Use,2
Department Revenue Service Form Statement,2
Heather Nelson,0
Jordan Taylor,0
Hobbs-Hill and Sons,1
Long PLC LLC,1
Christina Turner,0
Mejia Ltd LLC,1
  e first name,2
Carla Doyle,0
tax withheld Maria Social security,2
Barry-Holmes PLC,1
Madison Novak,0
"Bell, Reyes and Yoder and Sons",1
state ID number  State,2
Strickland Inc Ltd,1
Gregory Peterson,0
G  Statutory Retirement b,2
Martin and Sons Ltd,1
Tony Marks,0
Craig Conway,0
Kristin Evans,0
Derrick Jarvis,0
Jennifer Meyers,0
"Wilkinson, Gibbs and Berg and Sons",1
enclosed Notice c D ,2
"Ellis, Ford and Travis PLC",1
"Miller, Lawson and Shepherd Inc",1
Brian Montgomery,0
Statutory Retirement b employer plan,2
security number This information furnished,2
Federal income tax withheld ,2
James Williams,0
EIC payment  Dependent carebenefits,2
"Lam, Williams and Flores LLC",1
Johnson LLC PLC,1
Alexander Inc LLC,1
Simon Ltd and Sons,1
Gail Clark,0
State wages tips etc ,2
Control number Advance EIC payment,2
Kevin Morris,0
Emily Schwartz,0
wages Social security tax withheld,2
Stefanie Thomas,0
number Advance EIC payment Dependent,2
Statement se file Copy C,2
State wages tips  State,2
Sierra French,0
Statement Copy Be Filed FEDERAL,2
income tax  Local wages,2
Ball-Salazar PLC,1
code  State state ID,2
address ZIP code  State,2
Susan King,0
tips Control number Advance EIC,2
Jaime Anderson,0
"Aguilar, Grant and Cox PLC",1
Deleon-Little Group,1
Michael Carroll,0
Amber Campos,0
Federal income tax withhel c,2
Revenue If required file tax,2
"Cook, Pena and Santiago Ltd",1
Cut Keep lower portion REISSUED,2
Connor Scott,0
"Mooney, Chandler and Wright Group",1
"Bailey, Patterson and Farmer and Sons",1
"Bruce, Austin and White and Sons",1
Local income tax  Locality,2
Social security tax withheld Medicare,2
Walter Perry,0
Internal Revenue If required file,2
ZIP code Social security wages,2
E   Statutory Retirement,2
Murray-Johnson Inc,1
  E  ,2
STATEMENT OMB income taxable fail,2
Daniel Compton,0
Michael Moreno,0
EIC payment Dependent care benefits,2
"Brewer, Martinez and Klein Inc",1
Davis-Sanchez PLC,1
Copy Be Filed FEDERAL Tax,2
Morton PLC Group,1
Kelsey Edwards,0
Bradley Davis,0
ID number  State ,2
Amanda Carroll,0
Statement Copy Be Filed FEDERAL,2
"Hardy, Rodriguez and Pope PLC",1
Murphy-Meyer PLC,1
Frazier-Matthews Ltd,1
Bailey Group Group,1
Price LLC and Sons,1
"Walter, Rivera and Smith Inc",1
"Kirk, Conway and Chang Ltd",1
G  d E ,2
Laura Carlson,0
Estrada-Clark PLC,1
Christine Morgan,0
Steve Maxwell,0
Ronald Ball,0
plans a See instructions forbox,2
Jessica Porter,0
Stephen Fitzpatrick,0
withheld Medicare wages tips Medicare,2
 Nonqualified plans a See,2
file Copy C For Use,2
Matthew Roman,0
Miller LLC LLC,1
Brandon Ross,0
Tony Adams,0
Dakota Young,0
 Department Revenue Service Form,2
Rebecca Johnson,0
Wilson-Jones Group,1
  e firstname initial,2
Davis Inc Group,1
Gonzalez-Casey Group,1
See instructions box  ,2
Miles-Howard and Sons,1
"Grant, Morris and Fisher Group",1
Scott Inc Ltd,1
Revenue Cut Keep lower portion,2
E  Other enclosed Notice,2
Jennifer Jones,0
number Advance EIC payment Dependent,2
Wilson and Sons Group,1
Martinez PLC Ltd,1
Joshua Vaughan,0
Rhonda Lee,0
Sean Williamson,0
Mark Hughes,0
William Crosby,0
Jennifer Khan,0
Williams PLC LLC,1
"Johnson, Gonzalez and Hickman Group",1
Andrea Manning,0
Gail Miller,0
Williams Inc LLC,1
security tips  Allocated tips,2
file Copy C For Use,2
Morales-Alexander PLC,1
 Dependent care benefit ,2
Kevin Wallace,0
Rosario-Williams Group,1
plans a See instructions box,2
"Rodriguez, Smith and Peterson PLC",1
"Cherry, Hawkins and Miller PLC",1
Edwards Ltd Group,1
David Greene,0
furnished Internal Revenue If required,2
Martin Lewis,0
Kenneth Ramsey,0
Bailey Group Inc,1
security number Visit IRS Website,2
John Yates,0
This information furnished Internal Revenue,2
Michael Smith,0
Clayton Inc Inc,1
"Walsh, Alvarez and Carroll LLC",1
Richards PLC and Sons,1
Schmidt PLC PLC,1
"Barnes, Jacobs and Burke PLC",1
Young and Sons Inc,1
Kim Johnson,0
security tax withheld Medicare wages,2
John Rice,0
Social security tax withheld Medicare,2
See instructions forbox  ,2
Christian Armstrong,0
Advance EIC payment Dependent care,2
State income tax  Local,2
Dunn-Floyd Ltd,1
sickpay E   Other,2
Porter-Alvarez Ltd,1
Seth Valdez,0
Roger Williams,0
Gibbs LLC Group,1
P   Statutor Retirement,2
b employee plan sickpay X,2
Shannon Williams,0
 Department Revenue Service Form,2
Castillo LLC Inc,1
Caroline Butler,0
Jaime Washington,0
Johnson-Gutierrez and Sons,1
Michelle Abbott,0
Jackson-Grant LLC,1
ZIP code  State state,2
Priscilla Hernandez,0
Internal Revenue Cut Keep lower,2
  D  ,2
Travis Wilkerson,0
Debbie Castillo,0
 Statutor Retirement b employe,2
Mary Johnson,0
Elizabeth Wells,0
"Meza, Young and Rogers Inc",1
See instructions box  ,2
Robinson Group Ltd,1
Laurie Campbell,0
Stone Ltd and Sons,1
  Statutor Retirement b,2
Hernandez Ltd PLC,1
Justin Woodward,0
 Dependent care benefits ,2
King and Sons Ltd,1
"Barton, Graves and Kelley and Sons",1
Michael Terry,0
"Tate, Kim and Nichols Inc",1
"Kennedy, Walker and Anderson PLC",1
Laura Houston,0
e first name initial Last,2
Social security tips Allocated tips,2
James Rodriguez,0
Arellano-Wilson Inc,1
Logan Benton,0
Mr. Patrick,0
Martinez-Martinez Group,1
Darren Jones,0
Mccann-Cardenas Inc,1
"Hurley, Brewer and Anderson LLC",1
 Locality name  Wage,2
Allocated tips Control number Advance,2
Russell Clayton,0
Revenue If required file tax,2
Deleon-Cooper LLC,1
"King, Davis and Crosby and Sons",1
"Gaines, West and Williams LLC",1
wages Social security tax withheld,2
Jeffrey Jordan,0
James Mcdaniel,0
Robinson Inc Ltd,1
Jeffrey Burke,0
Social security wages Social security,2
number This information furnished Internal,2
Catherine Hunter,0
security wages Social security tax,2
number This information furnished Internal,2
 Other enclosed Notice c,2
Samantha Martinez,0
withheld Social security tips Allocated,2
withheld Social security tips Allocated,2
Notice c d  ,2
Little LLC Ltd,1
"Aguilar, Beck and Barnes and Sons",1
Chapman Inc LLC,1
Local  Local income tax,2
Abbott LLC and Sons,1
Webb-Davis PLC,1
Shannon Brown,0
Jacqueline Frank,0
Notice c d  E,2
"Nelson, Nunez and Smith Inc",1
 Department Revenue Service Form,2
"Gardner, Middleton and West Inc",1
Chandler-Harrison and Sons,1
Medicare wages tips Medicare tax,2
"James, Harrell and Orozco Ltd",1
"Ramsey, Wright and Rogers Ltd",1
Advance EIC payment Dependent care,2
Retirement b employee plan sickpay,2
"Martinez, Jones and Mendoza Ltd",1
Medicare wages tips Medicare tax,2
c ZIP code Social security,2
Allison Cole,0
Jean Sims,0
wages tips Medicare tax withheld,2
X x H  ,2
"Gardner, Li and Rivers PLC",1
ZIP code P  ,2
Ochoa Group PLC,1
tips  State income tax,2
Alexander-Smith and Sons,1
"Jones, Snyder and Perry Group",1
compensation Federal income tax withheld,2
Carlson-Thompson Group,1
Lori Smith,0
Anthony Watkins,0
Fuller Group Ltd,1
 State  State income,2
Filed FEDERAL Tax Return This,2
Leroy Watkins,0
address ZIP code  ,2
David Torres,0
tax withheld  Medicare wages,2
income tax withheld c ZIP,2
Luis Warren,0
Edwards-Knapp and Sons,1
Mike Manning,0
David Parks,0
"George, George and Hancock LLC",1
Lane Inc and Sons,1
Waters PLC Group,1
"Richardson, Wilson and Ellis and Sons",1
Dependent care benefits  ,2
Phillips-Williams Ltd,1
Miller-Nguyen PLC,1
withheld Medicare wages tips Medicare,2
"Lane, Gomez and Guerra Group",1
Jessica Wong,0
Jennifer Ramos,0
Christopher Adams,0
Nicole Simmons,0
Elijah Smith,0
Karen Reyes,0
Pope and Sons Group,1
Bass PLC Group,1
"Bauer, Kelly and Melendez Ltd",1
employee plan sickpay X D,2
April Salinas,0
"Cole, Anderson and Jackson Group",1
"Rangel, Wiggins and Ortega Ltd",1
Clarence Gillespie,0
Meyer Ltd PLC,1
Revenue Service Form Statement se,2
Christine Knapp,0
Collins Ltd PLC,1
Christopher Arias,0
Church-Jacobs Ltd,1
Zachary Pearson,0
Kelly Clark,0
security wages Social security tax,2
Christopher Mcintosh,0
Alicia Woods,0
  Other enclosed Notice,2
Morrison Ltd Inc,1
Tax  Department Revenue Service,2
Statement se file Copy C,2
Phillip Neal,0
"Zhang, Brock and Jenkins Group",1
David Wolf,0
"Pratt, Ward and Smith Inc",1
social security number nsew file,2
income tax withheld c ZIP,2
Retirement b employee plan sickpay,2
Debra Brown,0
Sarah Chavez,0
Sarah Alexander,0
Tax  Department Revenue Service,2
"Petersen, Bates and Jackson Inc",1
Return This information furnished Internal,2
wages Social security tax withheld,2
Jamie Henson,0
sickpay X x  ,2
Burns and Sons Inc,1
  Statutor Retirement b,2
Mariah Zhang,0
Connie Rangel,0
Joseph Gillespie,0
Morrison Ltd Group,1
EIC payment Dependent care benefit,2
"Martin, Vincent and Wagner Group",1
"Williams, Stafford and Cooper Group",1
White PLC Inc,1
Evelyn Washington,0
Medicare wages tips Medicare tax,2
Mariah Hunt,0
Tanya Adams,0
Le-Romero PLC,1
Paul Gardner,0
Drew Jimenez,0
"Romero, Walker and Collins LLC",1
"Parker, Lyons and Braun LLC",1
Michelle Rasmussen,0
Mcgrath-Smith Inc,1
Steven Mason,0
first name initial Last name,2
number compensation Federal income tax,2
b Employer identification number compensation,2
Benjamin Cervantes,0
number Advance EIC payment Dependent,2
Tammy Campos,0
"Jones, Reese and Lawson Ltd",1
Marks-West Inc,1
Michael Hall,0
"Jimenez, Jacobs and Rhodes LLC",1
Gregory Hart,0
EIC payment  Dependent care,2
Cox-Lopez and Sons,1
Combs-Fitzgerald Group,1
Clark Ltd Group,1
Harvey-Riddle Ltd,1
State wages tips etc ,2
Melissa Hardy,0
Smith Group Group,1
Jamie Khan,0
"Anderson, Hartman and Martinez Ltd",1
Murray Ltd Inc,1
Wise-Russell Inc,1
Haynes Ltd Inc,1
"Brown, Robinson and Evans Group",1
wages tips  State income,2
"Owens, Thomas and Howard Inc",1
sickpay   Other enclosed,2
REISSUED social security number nsew,2
James Mann,0
Eric Wright,0
Form Statement se file Copy,2
Wilson and Sons Group,1
Giles PLC Group,1
wages Social security tax withheld,2
"Smith, Boyd and Calderon LLC",1
required file tax negligence penalty,2
Matthew Sutton,0
penalty sanction may imposed income,2
David Wilson,0
Rebecca Bryant,0
This information furnished Internal Revenue,2
 Locality name Wage Tax,2
Wise-Blake PLC,1
Harrison LLC Group,1
Nonqualified plans a See instructions,2
instructions box   D,2
identification number compensation Federal income,2
Michelle Oliver,0
Adam Lynch,0
 Other enclosed Notice c,2
security tax withheld  Medicare,2
King-Smith Inc,1
Medicare tax withheld Social security,2
Klein-Mclaughlin Ltd,1
a See instructionsfor box ,2
Brian Booth,0
Phyllis Bell,0
address ZIP code  State,2
"Walter, Lewis and Williams Ltd",1
"Hansen, Ford and Smith and Sons",1
Gabriel Ford,0
Cherry Inc LLC,1
Campbell-Harvey Inc,1
tips Medicare tax withheld Social,2
Courtney Martinez,0
"Robinson, Greene and Green LLC",1
Silva LLC Inc,1
STATEMENT OMB income taxable fail,2
Samantha Figueroa,0
sick pay x E ,2
John Hardy,0
wages tips etc  Local,2
"Bell, Elliott and Sandoval and Sons",1
  G  ,2
Steven Davis,0
Ortiz PLC Inc,1
"Weber, Skinner and Fuller Ltd",1
Department Revenue Service Form Statement,2
Tyler Dillon,0
 Locality name  IT,2
Lang-Cooke Ltd,1
name  Nonqualified plans a,2
Lynch-Obrien LLC,1
Matthew Torres,0
Mr. Ronald,0
Dr. Casey,0
James Bray,0
Patterson and Sons Group,1
 f address ZIP code,2
Curtis Brown,0
number compensation Federal income tax,2
Melissa Newman,0
"Peters, Diaz and Herrera PLC",1
firstname initial Last name ,2
Davis Inc Group,1
state ID number  State,2
Anthony Schroeder,0
Graham-Clark Inc,1
Suzanne Wells,0
se file Copy C For,2
Li LLC LLC,1
Thomas Mann,0
Use nsew file b Employer,2
Nichols Inc Ltd,1
imposed STATEMENT OMB income taxable,2
compensation Federal income tax withheld,2
social security number Visit IRS,2
"Hall, Mills and Jones Group",1
STATEMENT OMB Use Rise file,2
Fisher-Harper and Sons,1
"Mclean, Baldwin and Bowen Group",1
ZIP code  State state,2
Advance EIC payment Dependent care,2
Amber Hunt,0
tax  Local wages tips,2
"Thomas, Johnson and Garza PLC",1
Locality name   Wage,2
"Miller, Garcia and Burgess Inc",1
Daniel Smith,0
EIC payment Dependent care benefits,2
Williams-Hernandez LLC,1
Johnson and Sons Ltd,1
ZIP code Social security wages,2
Jesse James,0
Rubio-Parker PLC,1
Shawn Sosa,0
"James, King and Murray Ltd",1
tax withheld c ZIP code,2
Steven Brown,0
income tax withheld c ZIP,2
Michael Hall,0
Eric Thomas,0
 e firstname initial Last,2
Wood and Sons LLC,1
Mcpherson LLC and Sons,1
Hicks PLC and Sons,1
John Jenkins,0
Advance EIC payment  Dependent,2
Mr. Danny,0
tax withheld Medicare wages tips,2
Copy Be Filed FEDERAL Tax,2
number Advance EIC payment ,2
"Estrada, Thompson and Cummings Inc",1
Lee Michael,0
Gonzalez-Page LLC,1
James Cole,0
Carter-Armstrong Ltd,1
G   Statutory Retirement,2
Contreras Group PLC,1
STATEMENT OMB income taxable fail,2
Victor Franco,0
b Employer identification number compensation,2
name initial Last name ,2
Baker-Harris LLC,1
Advance EIC payment  Dependent,2
"Chen, Pacheco and Hanson LLC",1
Maddox Inc PLC,1
Daniel Jenkins,0
Chloe Phillips,0
Rhonda Gonzales,0
Caroline Harris,0
Austin Atkins,0
payment Dependent care benefits ,2
name  Wage Tax ,2
address ZIP code H ,2
Pennington-Ramirez PLC,1
security tips Allocated tips Control,2
number This information furnished Internal,2
H   Other enclosed,2
Reynolds Ltd Inc,1
Michael Smith,0
"Solomon, Ward and Stephens and Sons",1
Statutory Retirement b employee plan,2
Thomas Green,0
Federal income tax withheld ,2
Brian Golden,0
Watkins Inc Inc,1
Watson-Lopez and Sons,1
Cameron Lowe,0
"Burgess, Hall and Fowler LLC",1
Mary Zimmerman,0
White-Sanchez LLC,1
Statutory Retirement b employee plan,2
Mary Thompson,0
"Mills, Conway and Howell Group",1
Linda Rodriguez,0
Sarah Smith,0
security tips Allocated tips Control,2
Craig PLC Ltd,1
Rivera and Sons PLC,1
withheld c ZIP code Social,2
Cisneros Group Inc,1
Form Statement se file Copy,2
sanction may imposed STATEMENT OMB,2
Cervantes-Morales PLC,1
Kathleen Wallace,0
  State state ID,2
 D   Statutory,2
security number Visit IRS Website,2
Alexander Anderson,0
"Diaz, Wilson and Hunt and Sons",1
Erin Carpenter,0
H   Statutor Retirement,2
"Lynch, Garcia and Pham Inc",1
Local  Local income tax,2
"Mcdowell, Anderson and Shea Group",1
Crystal Smith,0
Daniel Wilson,0
Jeffrey Kim,0
Wanda Ward,0
payment Dependent care benefit ,2
  D  ,2
name DO Wage Tax ,2
enclosed Notice c D ,2
Krista Owens,0
"Miller, Becker and Miller and Sons",1
number Advance EIC payment Dependent,2
Jennifer Lewis,0
Carson-Pearson LLC,1
Julie Hill,0
Internal Revenue If required file,2
"Leon, Edwards and Chen Ltd",1
wages Social security tax withheld,2
Social security tax withheld Medicare,2
Sergio Cox,0
Thomas Baker,0
 Dependent care benefits ,2
Stacey Thomas,0
Lauren Mcdonald,0
Robinson-Rasmussen LLC,1
Timothy Roberts,0
Brandi Harrington,0
Nicole Carter,0
Jeremy Russell,0
Erica Gardner,0
Smith-Goodwin Group,1
Rickey Edwards,0
"Ward, Mcbride and Page and Sons",1
ZIP code Social security wages,2
"Christensen, Robinson and Pierce PLC",1
York Ltd LLC,1
Bowen Group Inc,1
 e first name initial,2
Calvin Brown,0
Joseph Smith,0
Torres and Sons PLC,1
"Mclaughlin, Alexander and Gordon Group",1
Mullen-Mason Ltd,1
John Harris,0
Brown-Gallagher Group,1
Ramsey-Hutchinson PLC,1
King Group Group,1
Collins Inc PLC,1
Williams-Walters LLC,1
 State income tax ,2
Anthony Turner,0
Amanda Dawson,0
Taylor Wilson,0
Alicia Bauer,0
 Allocated tips Control number,2
Bishop PLC and Sons,1
Garcia and Sons Inc,1
STATEMENT OMB income taxable fail,2
Stacey Mckinney,0
Davis-Morrow Inc,1
Katie Green,0
Ryan Smith,0
